{"name":"ART REPORT Jul_2018","periodType":"Monthly","created":1531131514978,"dataSetUID":"T7Itp9TYm9j","periodIndicatorReportGUID":"5e05f218-9849-4e55-8c1c-e3d02422227c","elements":[{"indicator":"NuStF10-14","dataElement":"b1vqgTB5jfb","comboOption":"xtPBQjEzCaq"},{"indicator":"NuStF15-19","dataElement":"b1vqgTB5jfb","comboOption":"hoG9C2uI0Xs"},{"indicator":"NuStF20-24","dataElement":"b1vqgTB5jfb","comboOption":"AxX6TVSmFq1"},{"indicator":"NuStF25-49","dataElement":"b1vqgTB5jfb","comboOption":"rj4uWoAcieB"},{"indicator":"NuStM10-14","dataElement":"b1vqgTB5jfb","comboOption":"gdi5fII5DVo"},{"indicator":"NuStM15-19","dataElement":"b1vqgTB5jfb","comboOption":"g30sdtgU9rs"},{"indicator":"NuStM20-24","dataElement":"b1vqgTB5jfb","comboOption":"WYrRiJfo61g"},{"indicator":"NuStM25-49","dataElement":"b1vqgTB5jfb","comboOption":"zhsY2KmvVJ0"},{"indicator":"NuStatF1-4","dataElement":"b1vqgTB5jfb","comboOption":"qDwV6CaJdfv"},{"indicator":"NuStatF5-9","dataElement":"b1vqgTB5jfb","comboOption":"dFXSUYTaB9Q"},{"indicator":"NuStatF50+","dataElement":"b1vqgTB5jfb","comboOption":"fEysh0uhwJp"},{"indicator":"NuStatFU1","dataElement":"b1vqgTB5jfb","comboOption":"U4UvMa7NCk4"},{"indicator":"NuStatM1-4","dataElement":"b1vqgTB5jfb","comboOption":"RqyNWFW8QhK"},{"indicator":"NuStatM5-9","dataElement":"b1vqgTB5jfb","comboOption":"xJcBXZbmoo2"},{"indicator":"NuStatM50+","dataElement":"b1vqgTB5jfb","comboOption":"o53qoWTDhUA"},{"indicator":"NustatMU1","dataElement":"b1vqgTB5jfb","comboOption":"AfOkhdd6iHd"},{"indicator":"RestartAll","dataElement":"X2PAGRx7lhQ"},{"indicator":"SeenF1-4","dataElement":"WODj8xi3elT","comboOption":"qDwV6CaJdfv"},{"indicator":"SeenF10-14","dataElement":"WODj8xi3elT","comboOption":"xtPBQjEzCaq"},{"indicator":"SeenF15-19","dataElement":"WODj8xi3elT","comboOption":"hoG9C2uI0Xs"},{"indicator":"SeenF20-24","dataElement":"WODj8xi3elT","comboOption":"AxX6TVSmFq1"},{"indicator":"SeenF25-49","dataElement":"WODj8xi3elT","comboOption":"rj4uWoAcieB"},{"indicator":"SeenF5-9","dataElement":"WODj8xi3elT","comboOption":"dFXSUYTaB9Q"},{"indicator":"SeenF50+","dataElement":"WODj8xi3elT","comboOption":"fEysh0uhwJp"},{"indicator":"SeenFU1","dataElement":"WODj8xi3elT","comboOption":"U4UvMa7NCk4"},{"indicator":"SeenM1-4","dataElement":"WODj8xi3elT","comboOption":"RqyNWFW8QhK"},{"indicator":"SeenM10-14","dataElement":"WODj8xi3elT","comboOption":"gdi5fII5DVo"},{"indicator":"SeenM15-19","dataElement":"WODj8xi3elT","comboOption":"g30sdtgU9rs"},{"indicator":"SeenM20-24","dataElement":"WODj8xi3elT","comboOption":"WYrRiJfo61g"},{"indicator":"SeenM25-49","dataElement":"WODj8xi3elT","comboOption":"zhsY2KmvVJ0"},{"indicator":"SeenM5-9","dataElement":"WODj8xi3elT","comboOption":"xJcBXZbmoo2"},{"indicator":"SeenM50+","dataElement":"WODj8xi3elT","comboOption":"o53qoWTDhUA"},{"indicator":"SeenMU1","dataElement":"WODj8xi3elT","comboOption":"AfOkhdd6iHd"},{"indicator":"TranOutAll","dataElement":"OsHsdDsIaaO"},{"indicator":"TransInAll","dataElement":"YgvGvd3NUxR"},{"indicator":"TxPrF15-19","dataElement":"hcZWgbhLpD0","comboOption":"hoG9C2uI0Xs"},{"indicator":"TxPrF20-24","dataElement":"hcZWgbhLpD0","comboOption":"AxX6TVSmFq1"},{"indicator":"TxPrF25-49","dataElement":"hcZWgbhLpD0","comboOption":"rj4uWoAcieB"},{"indicator":"TxPrM10-14","dataElement":"hcZWgbhLpD0","comboOption":"gdi5fII5DVo"},{"indicator":"TxPrM15-19","dataElement":"hcZWgbhLpD0","comboOption":"g30sdtgU9rs"},{"indicator":"TxPrM20-24","dataElement":"hcZWgbhLpD0","comboOption":"WYrRiJfo61g"},{"indicator":"TxPrM25-49","dataElement":"hcZWgbhLpD0","comboOption":"zhsY2KmvVJ0"},{"indicator":"TxPreF1-4","dataElement":"hcZWgbhLpD0","comboOption":"qDwV6CaJdfv"},{"indicator":"TxPreF5-9","dataElement":"hcZWgbhLpD0","comboOption":"dFXSUYTaB9Q"},{"indicator":"TxPreF50+","dataElement":"hcZWgbhLpD0","comboOption":"fEysh0uhwJp"},{"indicator":"TxPreFU1","dataElement":"hcZWgbhLpD0","comboOption":"U4UvMa7NCk4"},{"indicator":"TxPreM1-4","dataElement":"hcZWgbhLpD0","comboOption":"RqyNWFW8QhK"},{"indicator":"TxPreM5-9","dataElement":"hcZWgbhLpD0","comboOption":"xJcBXZbmoo2"},{"indicator":"TxPreM50+","dataElement":"hcZWgbhLpD0","comboOption":"o53qoWTDhUA"},{"indicator":"TxPreMU1","dataElement":"hcZWgbhLpD0","comboOption":"AfOkhdd6iHd"},{"indicator":"TxprF10-14","dataElement":"hcZWgbhLpD0","comboOption":"xtPBQjEzCaq"},{"indicator":"baseCD4All","dataElement":"N10f9p3cGdo"}]}