{"name":"PIR09_Mappings","periodType":"Monthly","created":1533633195320,"dataSetUID":"T7Itp9TYm9j","periodIndicatorReportGUID":"b9e11bf1-144c-4412-a09e-910c14d3e92c",
"elements":[{"indicator":"Nutri2AduF","dataElement":"null","comboOption":"iEFWXqdhqg9"},
{"indicator":"Nutri2AduM","dataElement":"null","comboOption":"z12EITtQb34"},
{"indicator":"Nutri2ChiF","dataElement":"null","comboOption":"WBH8uUpt9Pj"},
{"indicator":"Nutri2ChiM","dataElement":"null","comboOption":"gIRokZTOVff"},
{"indicator":"Nutri3AduF","dataElement":"null","comboOption":"iEFWXqdhqg9"},
{"indicator":"Nutri3AduM","dataElement":"null","comboOption":"z12EITtQb34"},
{"indicator":"Nutri3ChiF","dataElement":"null","comboOption":"WBH8uUpt9Pj"},
{"indicator":"Nutri3ChiM","dataElement":"null","comboOption":"gIRokZTOVff"},
{"indicator":"Nutri4AduF","dataElement":"null","comboOption":"iEFWXqdhqg9"},
{"indicator":"Nutri4AduM","dataElement":"null","comboOption":"z12EITtQb34"},
{"indicator":"Nutri4ChiF","dataElement":"null","comboOption":"WBH8uUpt9Pj"},
{"indicator":"Nutri4ChiM","dataElement":"null","comboOption":"gIRokZTOVff"},
{"indicator":"NutriAduF","dataElement":"null","comboOption":"iEFWXqdhqg9"},
{"indicator":"NutriAduM","dataElement":"null","comboOption":"z12EITtQb34"}
{"indicator":"NutriChiF","dataElement":"null","comboOption":"WBH8uUpt9Pj"},
{"indicator":"NutriChiM","dataElement":"null","comboOption":"gIRokZTOVff"}
]}