{"name":"PIR07_Mapping","periodType":"Monthly","created":1533564977733,"dataSetUID":"T7Itp9TYm9j","periodIndicatorReportGUID":"a4d5077a-b21c-473b-9636-8dc0237a9bb7","elements":[{"indicator":"DiedAdultF","dataElement":"i1TwYjSZY1C","comboOption":"LP7No3pJOhc"},{"indicator":"DiedAdultM","dataElement":"i1TwYjSZY1C","comboOption":"VFrDt2g2MqV"},{"indicator":"DiedChild","dataElement":"i1TwYjSZY1C","comboOption":"e55M6sQTdpk"},{"indicator":"LostAdultF","dataElement":"tuCe7xumbwp","comboOption":"LP7No3pJOhc"},{"indicator":"LostAdultM","dataElement":"tuCe7xumbwp","comboOption":"VFrDt2g2MqV"},{"indicator":"LostChild","dataElement":"tuCe7xumbwp","comboOption":"e55M6sQTdpk"},{"indicator":"StoppedAdF","dataElement":"nJ6YxF8Y6Zs","comboOption":"LP7No3pJOhc"},{"indicator":"StoppedAdM","dataElement":"nJ6YxF8Y6Zs","comboOption":"VFrDt2g2MqV"},{"indicator":"StoppedChi","dataElement":"nJ6YxF8Y6Zs","comboOption":"e55M6sQTdpk"},{"indicator":"UnknownADF","dataElement":"eSFldLmqXoV","comboOption":"LP7No3pJOhc"},{"indicator":"UnknownADM","dataElement":"eSFldLmqXoV","comboOption":"VFrDt2g2MqV"},{"indicator":"UnknownChi","dataElement":"eSFldLmqXoV","comboOption":"e55M6sQTdpk"}]}
