{"name":"PIR12_Mappings","periodType":"Monthly","created":1533634856510,"dataSetUID":"T7Itp9TYm9j","periodIndicatorReportGUID":"94f0e9c8-b2a5-4d0b-8f69-8e0a590b6d8f","elements":[{"indicator":"IPTart0to4","dataElement":"wTCKpQIbhUs","comboOption":"UJnRL8V81k3"},{"indicator":"IPTart15","dataElement":"wTCKpQIbhUs","comboOption":"oFsu34HlfAn"},{"indicator":"IPTat5to14","dataElement":"wTCKpQIbhUs","comboOption":"XnUGgmcSAWk"},{"indicator":"IPTpr5to14","dataElement":"FzMILvDd2UB","comboOption":"XnUGgmcSAWk"},{"indicator":"IPTpre0to4","dataElement":"FzMILvDd2UB","comboOption":"UJnRL8V81k3"},{"indicator":"IPTpre15","dataElement":"FzMILvDd2UB","comboOption":"oFsu34HlfAn"}]}