{"name":"PIR10_Mappings","periodType":"Monthly","created":1533634495233,"dataSetUID":"T7Itp9TYm9j","periodIndicatorReportGUID":"2000f64b-2cea-41f3-b028-39f1b4c3e2fd","elements":[{"indicator":"Cotr6to14F","dataElement":"XNCFUIQZMWP","comboOption":"B87pRR22n0d"},{"indicator":"Cotr6to14M","dataElement":"XNCFUIQZMWP","comboOption":"Yl188JWPPpQ"},{"indicator":"Cotri5mtsF","dataElement":"XNCFUIQZMWP","comboOption":"HO7AoHmtaXW"},{"indicator":"Cotri5mtsM","dataElement":"XNCFUIQZMWP","comboOption":"qal3BfgfVin"},{"indicator":"Cotri6to5F","dataElement":"XNCFUIQZMWP","comboOption":"GIzoixUJtzv"},{"indicator":"Cotri6to5M","dataElement":"XNCFUIQZMWP","comboOption":"nN5PxZhKcnQ"},{"indicator":"CotriAduF","dataElement":"hzmim6AOgKv","comboOption":"iEFWXqdhqg9"},{"indicator":"CotriAduM","dataElement":"hzmim6AOgKv","comboOption":"z12EITtQb34"}]}
