{"name":"PreART Mapping Jul_2018","periodType":"Monthly","created":1531207825428,"dataSetUID":"T7Itp9TYm9j","periodIndicatorReportGUID":"5b3a4b6f-1584-43c0-a3cb-7973270912f2","elements":[{"indicator":"CnPrF10-14","dataElement":"MbkamRjyc96","comboOption":"xtPBQjEzCaq"},{"indicator":"CnPrF15-19","dataElement":"MbkamRjyc96","comboOption":"hoG9C2uI0Xs"},{"indicator":"CnPrF20-24","dataElement":"MbkamRjyc96","comboOption":"AxX6TVSmFq1"},{"indicator":"CnPrF25-49","dataElement":"MbkamRjyc96","comboOption":"rj4uWoAcieB"},{"indicator":"CnPrM10-14","dataElement":"MbkamRjyc96","comboOption":"gdi5fII5DVo"},{"indicator":"CnPrM15-19","dataElement":"MbkamRjyc96","comboOption":"g30sdtgU9rs"},{"indicator":"CnPrM20-24","dataElement":"MbkamRjyc96","comboOption":"WYrRiJfo61g"},{"indicator":"CnPrM25-49","dataElement":"MbkamRjyc96","comboOption":"zhsY2KmvVJ0"},{"indicator":"CnPreF1-4","dataElement":"MbkamRjyc96","comboOption":"qDwV6CaJdfv"},{"indicator":"CnPreF5-9","dataElement":"MbkamRjyc96","comboOption":"dFXSUYTaB9Q"},{"indicator":"CnPreF50+","dataElement":"MbkamRjyc96","comboOption":"fEysh0uhwJp"},{"indicator":"CnPreFU1","dataElement":"MbkamRjyc96","comboOption":"U4UvMa7NCk4"},{"indicator":"CnPreM1-4","dataElement":"MbkamRjyc96","comboOption":"RqyNWFW8QhK"},{"indicator":"CnPreM5-9","dataElement":"MbkamRjyc96","comboOption":"xJcBXZbmoo2"},{"indicator":"CnPreM50+","dataElement":"MbkamRjyc96","comboOption":"o53qoWTDhUA"},{"indicator":"CnPreMU1","dataElement":"MbkamRjyc96","comboOption":"AfOkhdd6iHd"},{"indicator":"NuPrF10-14","dataElement":"qOMLXAVEAoX","comboOption":"xtPBQjEzCaq"},{"indicator":"NuPrF15-19","dataElement":"qOMLXAVEAoX","comboOption":"hoG9C2uI0Xs"},{"indicator":"NuPrF20-24","dataElement":"qOMLXAVEAoX","comboOption":"AxX6TVSmFq1"},{"indicator":"NuPrF25-49","dataElement":"qOMLXAVEAoX","comboOption":"rj4uWoAcieB"},{"indicator":"NuPrM10-14","dataElement":"qOMLXAVEAoX","comboOption":"gdi5fII5DVo"},{"indicator":"NuPrM15-19","dataElement":"qOMLXAVEAoX","comboOption":"g30sdtgU9rs"},{"indicator":"NuPrM20-24","dataElement":"qOMLXAVEAoX","comboOption":"WYrRiJfo61g"},{"indicator":"NuPrM25-49","dataElement":"qOMLXAVEAoX","comboOption":"zhsY2KmvVJ0"},{"indicator":"NuPreF1-4","dataElement":"qOMLXAVEAoX","comboOption":"qDwV6CaJdfv"},{"indicator":"NuPreF5-9","dataElement":"qOMLXAVEAoX","comboOption":"dFXSUYTaB9Q"},{"indicator":"NuPreF50+","dataElement":"qOMLXAVEAoX","comboOption":"fEysh0uhwJp"},{"indicator":"NuPreFU1","dataElement":"qOMLXAVEAoX","comboOption":"U4UvMa7NCk4"},{"indicator":"NuPreM1-4","dataElement":"qOMLXAVEAoX","comboOption":"RqyNWFW8QhK"},{"indicator":"NuPreM5-9","dataElement":"qOMLXAVEAoX","comboOption":"xJcBXZbmoo2"},{"indicator":"NuPreM50+","dataElement":"qOMLXAVEAoX","comboOption":"o53qoWTDhUA"},{"indicator":"NuPreMU1","dataElement":"qOMLXAVEAoX","comboOption":"AfOkhdd6iHd"},{"indicator":"PreMF1-4","dataElement":"RDqlO7GXcXu","comboOption":"qDwV6CaJdfv"},{"indicator":"PreMF10-14","dataElement":"RDqlO7GXcXu","comboOption":"xtPBQjEzCaq"},{"indicator":"PreMF15-19","dataElement":"RDqlO7GXcXu","comboOption":"hoG9C2uI0Xs"},{"indicator":"PreMF20-24","dataElement":"RDqlO7GXcXu","comboOption":"AxX6TVSmFq1"},{"indicator":"PreMF25-49","dataElement":"RDqlO7GXcXu","comboOption":"rj4uWoAcieB"},{"indicator":"PreMF5-9","dataElement":"RDqlO7GXcXu","comboOption":"dFXSUYTaB9Q"},{"indicator":"PreMF50+","dataElement":"RDqlO7GXcXu","comboOption":"fEysh0uhwJp"},{"indicator":"PreMFU1","dataElement":"RDqlO7GXcXu","comboOption":"U4UvMa7NCk4"},{"indicator":"PreMM1-4","dataElement":"RDqlO7GXcXu","comboOption":"RqyNWFW8QhK"},{"indicator":"PreMM10-14","dataElement":"RDqlO7GXcXu","comboOption":"gdi5fII5DVo"},{"indicator":"PreMM15-19","dataElement":"RDqlO7GXcXu","comboOption":"g30sdtgU9rs"},{"indicator":"PreMM20-24","dataElement":"RDqlO7GXcXu","comboOption":"WYrRiJfo61g"},{"indicator":"PreMM25-49","dataElement":"RDqlO7GXcXu","comboOption":"zhsY2KmvVJ0"},{"indicator":"PreMM5-9","dataElement":"RDqlO7GXcXu","comboOption":"xJcBXZbmoo2"},{"indicator":"PreMM50+","dataElement":"RDqlO7GXcXu","comboOption":"o53qoWTDhUA"},{"indicator":"PreMMU1","dataElement":"RDqlO7GXcXu","comboOption":"AfOkhdd6iHd"},{"indicator":"StaPF10-14","dataElement":"VvPljTKf5rf","comboOption":"xtPBQjEzCaq"},{"indicator":"StaPF15-19","dataElement":"VvPljTKf5rf","comboOption":"hoG9C2uI0Xs"},{"indicator":"StaPF20-24","dataElement":"VvPljTKf5rf","comboOption":"AxX6TVSmFq1"},{"indicator":"StaPF25-49","dataElement":"VvPljTKf5rf","comboOption":"rj4uWoAcieB"},{"indicator":"StaPM10-14","dataElement":"VvPljTKf5rf","comboOption":"gdi5fII5DVo"},{"indicator":"StaPM15-19","dataElement":"VvPljTKf5rf","comboOption":"g30sdtgU9rs"},{"indicator":"StaPM20-24","dataElement":"VvPljTKf5rf","comboOption":"WYrRiJfo61g"},{"indicator":"StaPM25-49","dataElement":"VvPljTKf5rf","comboOption":"zhsY2KmvVJ0"},{"indicator":"StaPreF1-4","dataElement":"VvPljTKf5rf","comboOption":"qDwV6CaJdfv"},{"indicator":"StaPreF5-9","dataElement":"VvPljTKf5rf","comboOption":"dFXSUYTaB9Q"},{"indicator":"StaPreFU1","dataElement":"VvPljTKf5rf","comboOption":"U4UvMa7NCk4"},{"indicator":"StaPreM1-4","dataElement":"VvPljTKf5rf","comboOption":"RqyNWFW8QhK"},{"indicator":"StaPreM5-9","dataElement":"VvPljTKf5rf","comboOption":"xJcBXZbmoo2"},{"indicator":"StaPreM50+","dataElement":"VvPljTKf5rf","comboOption":"o53qoWTDhUA"},{"indicator":"StaPreMU1","dataElement":"VvPljTKf5rf","comboOption":"AfOkhdd6iHd"}]}