{"name":"presumptive_new","periodType":"Monthly","created":1531386856310,"dataSetUID":"T7Itp9TYm9j","periodIndicatorReportGUID":"3c4e0eb9-54e4-4902-926b-40054003ade2","elements":[{"indicator":"ScrinAdulF","dataElement":"KqqV0mqiW4J","comboOption":"iEFWXqdhqg9"},{"indicator":"ScrinAdulM","dataElement":"KqqV0mqiW4J","comboOption":"z12EITtQb34"},{"indicator":"ScrinKidsF","dataElement":"KqqV0mqiW4J","comboOption":"WBH8uUpt9Pj"},{"indicator":"ScrinKidsM","dataElement":"KqqV0mqiW4J","comboOption":"gIRokZTOVff"},{"indicator":"TBCaseAdF","dataElement":"Ich4yKGtogF","comboOption":"iEFWXqdhqg9"},{"indicator":"TBCaseAdM","dataElement":"Ich4yKGtogF","comboOption":"z12EITtQb34"},{"indicator":"TBCaseChF","dataElement":"Ich4yKGtogF","comboOption":"WBH8uUpt9Pj"},{"indicator":"TBCaseChM","dataElement":"Ich4yKGtogF","comboOption":"gIRokZTOVff"}]}
