{"name":"1st Line ARVRegimen","periodType":"Monthly","created":1531219786220,"dataSetUID":"T7Itp9TYm9j","periodIndicatorReportGUID":"002b0672-d10e-44cd-a31a-322d90d5ce04","elements":[{"indicator":"1cAdultF","dataElement":"P46vyh7AU8U","comboOption":"I90dBHQXiAI"},{"indicator":"1cAdultM","dataElement":"P46vyh7AU8U","comboOption":"r0qU247Vvdb"},{"indicator":"1dAdultF","dataElement":"T08eiEYExoJ","comboOption":"I90dBHQXiAI"},{"indicator":"1dAdultM","dataElement":"T08eiEYExoJ","comboOption":"r0qU247Vvdb"},{"indicator":"1eAdultF","dataElement":"HL9iCrVkjed","comboOption":"I90dBHQXiAI"},{"indicator":"1eAdultM","dataElement":"HL9iCrVkjed","comboOption":"r0qU247Vvdb"},{"indicator":"1fAdultF","dataElement":"pk20c7Tg7qU","comboOption":"I90dBHQXiAI"},{"indicator":"1fAdultM","dataElement":"pk20c7Tg7qU","comboOption":"r0qU247Vvdb"},{"indicator":"1gAdultF","dataElement":"SsX7iNSlH7f","comboOption":"I90dBHQXiAI"},{"indicator":"1gAdultM","dataElement":"SsX7iNSlH7f","comboOption":"r0qU247Vvdb"},{"indicator":"1hAdultF","dataElement":"CRvvczRvzva","comboOption":"I90dBHQXiAI"},{"indicator":"1hAdultM","dataElement":"CRvvczRvzva","comboOption":"r0qU247Vvdb"},{"indicator":"4a10-13.9F","dataElement":"fv47xAmohXH","comboOption":"CPw126M2Ik0"},{"indicator":"4a10-13.9M","dataElement":"fv47xAmohXH","comboOption":"Bvqse6tip8g"},{"indicator":"4a14-19.9F","dataElement":"fv47xAmohXH","comboOption":"z9hJujdF9bZ"},{"indicator":"4a14-19.9M","dataElement":"fv47xAmohXH","comboOption":"xJ2pYyqpgO9"},{"indicator":"4a20-24.9F","dataElement":"fv47xAmohXH","comboOption":"E3xBL5Hbpda"},{"indicator":"4a20-24.9M","dataElement":"fv47xAmohXH","comboOption":"zWRwQxEHjYI"},{"indicator":"4a25+F","dataElement":"fv47xAmohXH","comboOption":"dQss4sdjsXB"},
{"indicator":"4a25+M","dataElement":"fv47xAmohXH","comboOption":"j3xS9SfA5Ml"},{"indicator":"4a3-3.9F","dataElement":"fv47xAmohXH","comboOption":"EgI7jKN3BGL"},{"indicator":"4a3-3.9M","dataElement":"fv47xAmohXH","comboOption":"vBjareW2iU9"},{"indicator":"4a4-5.9F","dataElement":"fv47xAmohXH","comboOption":"Z9FpIovZYRN"},{"indicator":"4a4-5.9M","dataElement":"fv47xAmohXH","comboOption":"O91WOqdXofX"},{"indicator":"4a6-9.9F","dataElement":"fv47xAmohXH","comboOption":"SOUKe9vkItK"},{"indicator":"4a6-9.9M","dataElement":"fv47xAmohXH","comboOption":"uuLVrapN51s"},{"indicator":"4b10-13.9F","dataElement":"SFICqWM5bj3","comboOption":"CPw126M2Ik0"},{"indicator":"4b10-13.9M","dataElement":"SFICqWM5bj3","comboOption":"Bvqse6tip8g"},{"indicator":"4b14-19.9F","dataElement":"SFICqWM5bj3","comboOption":"z9hJujdF9bZ"},{"indicator":"4b14-19.9M","dataElement":"SFICqWM5bj3","comboOption":"xJ2pYyqpgO9"},{"indicator":"4b20-24.9F","dataElement":"SFICqWM5bj3","comboOption":"E3xBL5Hbpda"},{"indicator":"4b20-24.9M","dataElement":"SFICqWM5bj3","comboOption":"zWRwQxEHjYI"},{"indicator":"4b25+F","dataElement":"SFICqWM5bj3","comboOption":"dQss4sdjsXB"},
{"indicator":"4b25+M","dataElement":"SFICqWM5bj3","comboOption":"j3xS9SfA5Ml"},{"indicator":"4b3-3.9F","dataElement":"SFICqWM5bj3","comboOption":"EgI7jKN3BGL"},{"indicator":"4b3-3.9M","dataElement":"SFICqWM5bj3","comboOption":"vBjareW2iU9"},{"indicator":"4b4-5.9F","dataElement":"SFICqWM5bj3","comboOption":"Z9FpIovZYRN"},{"indicator":"4b4-5.9M","dataElement":"SFICqWM5bj3","comboOption":"O91WOqdXofX"},{"indicator":"4b6-9.9F","dataElement":"SFICqWM5bj3","comboOption":"SOUKe9vkItK"},{"indicator":"4b6-9.9M","dataElement":"SFICqWM5bj3","comboOption":"uuLVrapN51s"},{"indicator":"4c10-13.9F","dataElement":"yuHbTd8SQZk","comboOption":"CPw126M2Ik0"},{"indicator":"4c10-13.9M","dataElement":"yuHbTd8SQZk","comboOption":"Bvqse6tip8g"},{"indicator":"4c14-19.9F","dataElement":"yuHbTd8SQZk","comboOption":"z9hJujdF9bZ"},{"indicator":"4c14-19.9M","dataElement":"yuHbTd8SQZk","comboOption":"xJ2pYyqpgO9"},{"indicator":"4c20-24.9F","dataElement":"yuHbTd8SQZk","comboOption":"E3xBL5Hbpda"},{"indicator":"4c20-24.9M","dataElement":"yuHbTd8SQZk","comboOption":"zWRwQxEHjYI"},{"indicator":"4c25+F","dataElement":"yuHbTd8SQZk","comboOption":"dQss4sdjsXB"},
{"indicator":"4c25+M","dataElement":"yuHbTd8SQZk","comboOption":"j3xS9SfA5Ml"},{"indicator":"4c3-3.9F","dataElement":"yuHbTd8SQZk","comboOption":"EgI7jKN3BGL"},{"indicator":"4c3-3.9M","dataElement":"yuHbTd8SQZk","comboOption":"vBjareW2iU9"},{"indicator":"4c4-5.9F","dataElement":"yuHbTd8SQZk","comboOption":"Z9FpIovZYRN"},{"indicator":"4c4-5.9M","dataElement":"yuHbTd8SQZk","comboOption":"O91WOqdXofX"},{"indicator":"4c6-9.9F","dataElement":"yuHbTd8SQZk","comboOption":"SOUKe9vkItK"},{"indicator":"4c6-9.9M","dataElement":"yuHbTd8SQZk","comboOption":"uuLVrapN51s"},{"indicator":"4d10-13.9F","dataElement":"vIcIatXw5SW","comboOption":"CPw126M2Ik0"},{"indicator":"4d10-13.9M","dataElement":"vIcIatXw5SW","comboOption":"Bvqse6tip8g"},{"indicator":"4d14-19.9F","dataElement":"vIcIatXw5SW","comboOption":"z9hJujdF9bZ"},{"indicator":"4d14-19.9M","dataElement":"vIcIatXw5SW","comboOption":"xJ2pYyqpgO9"},{"indicator":"4d20-24.9F","dataElement":"vIcIatXw5SW","comboOption":"E3xBL5Hbpda"},{"indicator":"4d20-24.9M","dataElement":"vIcIatXw5SW","comboOption":"zWRwQxEHjYI"},{"indicator":"4d25+F","dataElement":"vIcIatXw5SW","comboOption":"dQss4sdjsXB"},
{"indicator":"4d25+M","dataElement":"vIcIatXw5SW","comboOption":"j3xS9SfA5Ml"},{"indicator":"4d3-3.9F","dataElement":"vIcIatXw5SW","comboOption":"EgI7jKN3BGL"},{"indicator":"4d3-3.9M","dataElement":"vIcIatXw5SW","comboOption":"vBjareW2iU9"},{"indicator":"4d4-5.9F","dataElement":"vIcIatXw5SW","comboOption":"Z9FpIovZYRN"},{"indicator":"4d4-5.9M","dataElement":"vIcIatXw5SW","comboOption":"O91WOqdXofX"},{"indicator":"4d6-9.9F","dataElement":"vIcIatXw5SW","comboOption":"SOUKe9vkItK"},{"indicator":"4d6-9.9M","dataElement":"vIcIatXw5SW","comboOption":"uuLVrapN51s"}]}
