{"name":"2020_TXCURR_Mapping","periodType":"Monthly","created":1601468445138,"dataSetUID":"ps5Yaez5cYL","periodIndicatorReportGUID":"f5608fc7-5bc6-49cc-a9b0-d52917f63cd2","elements":[{"indicator":"DefaultF1-","dataElement":"fSJqtm89OAN","comboOption":"K5vi0FouUhk"},{"indicator":"DefaultF10","dataElement":"fSJqtm89OAN","comboOption":"H6gRO6Fk2z5"},{"indicator":"DefaultF15","dataElement":"fSJqtm89OAN","comboOption":"I06844kpruj"},{"indicator":"DefaultF20","dataElement":"fSJqtm89OAN","comboOption":"dnENZnNWDsn"},{"indicator":"DefaultF25","dataElement":"fSJqtm89OAN","comboOption":"dOp6s9tOpaQ"},{"indicator":"DefaultF30","dataElement":"fSJqtm89OAN","comboOption":"hDYiOpgnUmE"},{"indicator":"DefaultF35","dataElement":"fSJqtm89OAN","comboOption":"EAbeHR61ft1"},{"indicator":"DefaultF40","dataElement":"fSJqtm89OAN","comboOption":"nQrR1Zgq2gr"},{"indicator":"DefaultF45","dataElement":"fSJqtm89OAN","comboOption":"NTCqCfaP80J"},{"indicator":"DefaultF5-","dataElement":"fSJqtm89OAN","comboOption":"Q4Firnf3ijf"},{"indicator":"DefaultF50","dataElement":"fSJqtm89OAN","comboOption":"yXvU2aw5wyC"},{"indicator":"DefaultF<1","dataElement":"fSJqtm89OAN","comboOption":"kUdV8RvgV5s"},{"indicator":"DefaultM1-","dataElement":"fSJqtm89OAN","comboOption":"tcIRY6sRUwu"},{"indicator":"DefaultM10","dataElement":"fSJqtm89OAN","comboOption":"DV6o34zpIjv"},{"indicator":"DefaultM15","dataElement":"fSJqtm89OAN","comboOption":"vfLYjpOKUf6"},{"indicator":"DefaultM20","dataElement":"fSJqtm89OAN","comboOption":"oiMr7kc4xQ4"},{"indicator":"DefaultM25","dataElement":"fSJqtm89OAN","comboOption":"C6m6OCR7m6G"},{"indicator":"DefaultM30","dataElement":"fSJqtm89OAN","comboOption":"drpUCVywbI0"},{"indicator":"DefaultM35","dataElement":"fSJqtm89OAN","comboOption":"TnfsTY77mJy"},{"indicator":"DefaultM40","dataElement":"fSJqtm89OAN","comboOption":"RJSlhFTTNXI"},{"indicator":"DefaultM45","dataElement":"fSJqtm89OAN","comboOption":"Yg1cxATwSlO"},{"indicator":"DefaultM5-","dataElement":"fSJqtm89OAN","comboOption":"RoJqHI8Mez4"},{"indicator":"DefaultM50","dataElement":"fSJqtm89OAN","comboOption":"mbz798qghl6"},{"indicator":"DefaultM<1","dataElement":"fSJqtm89OAN","comboOption":"CNcWYqvwPOl"},{"indicator":"DiedClient","dataElement":"i1TwYjSZY1C","comboOption":"tUiK0vIsDaX"},{"indicator":"LostToFU","dataElement":"tuCe7xumbwp","comboOption":"tUiK0vIsDaX"},{"indicator":"MMD_F1-4","dataElement":"emsyqv9XjW3","comboOption":"K5vi0FouUhk"},{"indicator":"MMD_F10-14","dataElement":"emsyqv9XjW3","comboOption":"H6gRO6Fk2z5"},{"indicator":"MMD_F15-19","dataElement":"emsyqv9XjW3","comboOption":"I06844kpruj"},{"indicator":"MMD_F20-24","dataElement":"emsyqv9XjW3","comboOption":"dnENZnNWDsn"},{"indicator":"MMD_F25-29","dataElement":"emsyqv9XjW3","comboOption":"dOp6s9tOpaQ"},{"indicator":"MMD_F30-34","dataElement":"emsyqv9XjW3","comboOption":"hDYiOpgnUmE"},{"indicator":"MMD_F35-39","dataElement":"emsyqv9XjW3","comboOption":"EAbeHR61ft1"},{"indicator":"MMD_F40-44","dataElement":"emsyqv9XjW3","comboOption":"nQrR1Zgq2gr"},{"indicator":"MMD_F45-49","dataElement":"emsyqv9XjW3","comboOption":"NTCqCfaP80J"},{"indicator":"MMD_F5-9","dataElement":"emsyqv9XjW3","comboOption":"Q4Firnf3ijf"},{"indicator":"MMD_F50","dataElement":"emsyqv9XjW3","comboOption":"yXvU2aw5wyC"},{"indicator":"MMD_F<1","dataElement":"emsyqv9XjW3","comboOption":"kUdV8RvgV5s"},{"indicator":"MMD_M1-4","dataElement":"emsyqv9XjW3","comboOption":"tcIRY6sRUwu"},{"indicator":"MMD_M10-14","dataElement":"emsyqv9XjW3","comboOption":"DV6o34zpIjv"},{"indicator":"MMD_M15-19","dataElement":"emsyqv9XjW3","comboOption":"vfLYjpOKUf6"},{"indicator":"MMD_M20-24","dataElement":"emsyqv9XjW3","comboOption":"oiMr7kc4xQ4"},{"indicator":"MMD_M25-29","dataElement":"emsyqv9XjW3","comboOption":"C6m6OCR7m6G"},{"indicator":"MMD_M30-34","dataElement":"emsyqv9XjW3","comboOption":"drpUCVywbI0"},{"indicator":"MMD_M35-39","dataElement":"emsyqv9XjW3","comboOption":"TnfsTY77mJy"},{"indicator":"MMD_M40-44","dataElement":"emsyqv9XjW3","comboOption":"RJSlhFTTNXI"},{"indicator":"MMD_M45-49","dataElement":"emsyqv9XjW3","comboOption":"Yg1cxATwSlO"},{"indicator":"MMD_M5-9","dataElement":"emsyqv9XjW3","comboOption":"RoJqHI8Mez4"},{"indicator":"MMD_M50","dataElement":"emsyqv9XjW3","comboOption":"mbz798qghl6"},{"indicator":"MMD_M<1","dataElement":"emsyqv9XjW3","comboOption":"CNcWYqvwPOl"},{"indicator":"MissedF1-4","dataElement":"nyZn8wYkZZ3","comboOption":"K5vi0FouUhk"},{"indicator":"MissedF10-","dataElement":"nyZn8wYkZZ3","comboOption":"H6gRO6Fk2z5"},{"indicator":"MissedF15-","dataElement":"nyZn8wYkZZ3","comboOption":"I06844kpruj"},{"indicator":"MissedF20-","dataElement":"nyZn8wYkZZ3","comboOption":"dnENZnNWDsn"},{"indicator":"MissedF25-","dataElement":"nyZn8wYkZZ3","comboOption":"dOp6s9tOpaQ"},{"indicator":"MissedF30-","dataElement":"nyZn8wYkZZ3","comboOption":"hDYiOpgnUmE"},{"indicator":"MissedF35-","dataElement":"nyZn8wYkZZ3","comboOption":"EAbeHR61ft1"},{"indicator":"MissedF40-","dataElement":"nyZn8wYkZZ3","comboOption":"nQrR1Zgq2gr"},{"indicator":"MissedF45-","dataElement":"nyZn8wYkZZ3","comboOption":"NTCqCfaP80J"},{"indicator":"MissedF5-9","dataElement":"nyZn8wYkZZ3","comboOption":"Q4Firnf3ijf"},{"indicator":"MissedF50","dataElement":"nyZn8wYkZZ3","comboOption":"yXvU2aw5wyC"},{"indicator":"MissedF<1","dataElement":"nyZn8wYkZZ3","comboOption":"kUdV8RvgV5s"},{"indicator":"MissedM1-4","dataElement":"nyZn8wYkZZ3","comboOption":"tcIRY6sRUwu"},{"indicator":"MissedM10-","dataElement":"nyZn8wYkZZ3","comboOption":"DV6o34zpIjv"},{"indicator":"MissedM15-","dataElement":"nyZn8wYkZZ3","comboOption":"vfLYjpOKUf6"},{"indicator":"MissedM20-","dataElement":"nyZn8wYkZZ3","comboOption":"oiMr7kc4xQ4"},{"indicator":"MissedM25-","dataElement":"nyZn8wYkZZ3","comboOption":"C6m6OCR7m6G"},{"indicator":"MissedM30-","dataElement":"nyZn8wYkZZ3","comboOption":"drpUCVywbI0"},{"indicator":"MissedM35-","dataElement":"nyZn8wYkZZ3","comboOption":"TnfsTY77mJy"},{"indicator":"MissedM40-","dataElement":"nyZn8wYkZZ3","comboOption":"RJSlhFTTNXI"},{"indicator":"MissedM45-","dataElement":"nyZn8wYkZZ3","comboOption":"Yg1cxATwSlO"},{"indicator":"MissedM5-9","dataElement":"nyZn8wYkZZ3","comboOption":"RoJqHI8Mez4"},{"indicator":"MissedM50","dataElement":"nyZn8wYkZZ3","comboOption":"mbz798qghl6"},{"indicator":"MissedM<1","dataElement":"nyZn8wYkZZ3","comboOption":"CNcWYqvwPOl"},{"indicator":"NewF1-4","dataElement":"BEMK0jQHPBN","comboOption":"K5vi0FouUhk"},{"indicator":"NewF10-14","dataElement":"BEMK0jQHPBN","comboOption":"H6gRO6Fk2z5"},{"indicator":"NewF15-19","dataElement":"BEMK0jQHPBN","comboOption":"I06844kpruj"},{"indicator":"NewF20-24","dataElement":"BEMK0jQHPBN","comboOption":"dnENZnNWDsn"},{"indicator":"NewF25-29","dataElement":"BEMK0jQHPBN","comboOption":"dOp6s9tOpaQ"},{"indicator":"NewF30-34","dataElement":"BEMK0jQHPBN","comboOption":"hDYiOpgnUmE"},{"indicator":"NewF35-39","dataElement":"BEMK0jQHPBN","comboOption":"EAbeHR61ft1"},{"indicator":"NewF40-44","dataElement":"BEMK0jQHPBN","comboOption":"nQrR1Zgq2gr"},{"indicator":"NewF45-49","dataElement":"BEMK0jQHPBN","comboOption":"NTCqCfaP80J"},{"indicator":"NewF5-9","dataElement":"BEMK0jQHPBN","comboOption":"Q4Firnf3ijf"},{"indicator":"NewF50","dataElement":"BEMK0jQHPBN","comboOption":"yXvU2aw5wyC"},{"indicator":"NewF<1","dataElement":"BEMK0jQHPBN","comboOption":"kUdV8RvgV5s"},{"indicator":"NewM1-4","dataElement":"BEMK0jQHPBN","comboOption":"tcIRY6sRUwu"},{"indicator":"NewM10-14","dataElement":"BEMK0jQHPBN","comboOption":"DV6o34zpIjv"},{"indicator":"NewM15-19","dataElement":"BEMK0jQHPBN","comboOption":"vfLYjpOKUf6"},{"indicator":"NewM20-24","dataElement":"BEMK0jQHPBN","comboOption":"oiMr7kc4xQ4"},{"indicator":"NewM25-29","dataElement":"BEMK0jQHPBN","comboOption":"C6m6OCR7m6G"},{"indicator":"NewM30-34","dataElement":"BEMK0jQHPBN","comboOption":"drpUCVywbI0"},{"indicator":"NewM35-39","dataElement":"BEMK0jQHPBN","comboOption":"TnfsTY77mJy"},{"indicator":"NewM40-44","dataElement":"BEMK0jQHPBN","comboOption":"RJSlhFTTNXI"},{"indicator":"NewM45-49","dataElement":"BEMK0jQHPBN","comboOption":"Yg1cxATwSlO"},{"indicator":"NewM5-9","dataElement":"BEMK0jQHPBN","comboOption":"RoJqHI8Mez4"},{"indicator":"NewM50","dataElement":"BEMK0jQHPBN","comboOption":"mbz798qghl6"},{"indicator":"NewM<1","dataElement":"BEMK0jQHPBN","comboOption":"CNcWYqvwPOl"},{"indicator":"Restarted","dataElement":"X2PAGRx7lhQ","comboOption":"tUiK0vIsDaX"},{"indicator":"SeenF1-4","dataElement":"uo9PCnvIUPN","comboOption":"K5vi0FouUhk"},{"indicator":"SeenF10-14","dataElement":"uo9PCnvIUPN","comboOption":"H6gRO6Fk2z5"},{"indicator":"SeenF15-19","dataElement":"uo9PCnvIUPN","comboOption":"I06844kpruj"},{"indicator":"SeenF20-24","dataElement":"uo9PCnvIUPN","comboOption":"dnENZnNWDsn"},{"indicator":"SeenF25-29","dataElement":"uo9PCnvIUPN","comboOption":"dOp6s9tOpaQ"},{"indicator":"SeenF30-34","dataElement":"uo9PCnvIUPN","comboOption":"hDYiOpgnUmE"},{"indicator":"SeenF35-39","dataElement":"uo9PCnvIUPN","comboOption":"EAbeHR61ft1"},{"indicator":"SeenF40-44","dataElement":"uo9PCnvIUPN","comboOption":"nQrR1Zgq2gr"},{"indicator":"SeenF45-49","dataElement":"uo9PCnvIUPN","comboOption":"NTCqCfaP80J"},{"indicator":"SeenF5-9","dataElement":"uo9PCnvIUPN","comboOption":"Q4Firnf3ijf"},{"indicator":"SeenF50","dataElement":"uo9PCnvIUPN","comboOption":"yXvU2aw5wyC"},{"indicator":"SeenF<1","dataElement":"uo9PCnvIUPN","comboOption":"kUdV8RvgV5s"},{"indicator":"SeenM1-4","dataElement":"uo9PCnvIUPN","comboOption":"tcIRY6sRUwu"},{"indicator":"SeenM10-14","dataElement":"uo9PCnvIUPN","comboOption":"DV6o34zpIjv"},{"indicator":"SeenM15-19","dataElement":"uo9PCnvIUPN","comboOption":"vfLYjpOKUf6"},{"indicator":"SeenM20-24","dataElement":"uo9PCnvIUPN","comboOption":"oiMr7kc4xQ4"},{"indicator":"SeenM25-29","dataElement":"uo9PCnvIUPN","comboOption":"C6m6OCR7m6G"},{"indicator":"SeenM30-34","dataElement":"uo9PCnvIUPN","comboOption":"drpUCVywbI0"},{"indicator":"SeenM35-39","dataElement":"uo9PCnvIUPN","comboOption":"TnfsTY77mJy"},{"indicator":"SeenM40-44","dataElement":"uo9PCnvIUPN","comboOption":"RJSlhFTTNXI"},{"indicator":"SeenM45-49","dataElement":"uo9PCnvIUPN","comboOption":"Yg1cxATwSlO"},{"indicator":"SeenM5-9","dataElement":"uo9PCnvIUPN","comboOption":"RoJqHI8Mez4"},{"indicator":"SeenM50","dataElement":"uo9PCnvIUPN","comboOption":"mbz798qghl6"},{"indicator":"SeenM<1","dataElement":"uo9PCnvIUPN","comboOption":"CNcWYqvwPOl"},{"indicator":"StoppedART","dataElement":"nJ6YxF8Y6Zs","comboOption":"tUiK0vIsDaX"},{"indicator":"TransferIn","dataElement":"YgvGvd3NUxR","comboOption":"tUiK0vIsDaX"},{"indicator":"TransferOu","dataElement":"OsHsdDsIaaO","comboOption":"tUiK0vIsDaX"}]}