{"name":"2020_ADULT ARV REGIMEN Mapping","periodType":"Monthly","created":1591607687039,"dataSetUID":"ps5Yaez5cYL","periodIndicatorReportGUID":"bf495055-881f-4d8f-a313-034368641292","elements":[{"indicator":"1c_1mnth","dataElement":"P46vyh7AU8U","comboOption":"P9Q6sPuaCY7"},{"indicator":"1c_3mnths","dataElement":"P46vyh7AU8U","comboOption":"acGZ4u0GIvC"},{"indicator":"1c_6mnths","dataElement":"P46vyh7AU8U","comboOption":"rHmRtl8onqz"},{"indicator":"1c_other","dataElement":"P46vyh7AU8U","comboOption":"bb4YHRc6bii"},{"indicator":"1d_1mnth","dataElement":"T08eiEYExoJ","comboOption":"P9Q6sPuaCY7"},{"indicator":"1d_3mnths","dataElement":"T08eiEYExoJ","comboOption":"acGZ4u0GIvC"},{"indicator":"1d_6mnths","dataElement":"T08eiEYExoJ","comboOption":"rHmRtl8onqz"},{"indicator":"1d_other","dataElement":"T08eiEYExoJ","comboOption":"bb4YHRc6bii"},{"indicator":"1e_1mnth","dataElement":"HL9iCrVkjed","comboOption":"P9Q6sPuaCY7"},{"indicator":"1e_3mnths","dataElement":"HL9iCrVkjed","comboOption":"acGZ4u0GIvC"},{"indicator":"1e_6mnths","dataElement":"HL9iCrVkjed","comboOption":"rHmRtl8onqz"},{"indicator":"1e_other","dataElement":"HL9iCrVkjed","comboOption":"bb4YHRc6bii"},{"indicator":"1f_1mnth","dataElement":"TI4IyOhybjn","comboOption":"P9Q6sPuaCY7"},{"indicator":"1f_3mnths","dataElement":"TI4IyOhybjn","comboOption":"acGZ4u0GIvC"},{"indicator":"1f_6mnths","dataElement":"TI4IyOhybjn","comboOption":"rHmRtl8onqz"},{"indicator":"1f_other","dataElement":"TI4IyOhybjn","comboOption":"bb4YHRc6bii"},{"indicator":"1g_1mnth","dataElement":"SsX7iNSlH7f","comboOption":"P9Q6sPuaCY7"},{"indicator":"1g_3mnths","dataElement":"SsX7iNSlH7f","comboOption":"acGZ4u0GIvC"},{"indicator":"1g_6mnths","dataElement":"SsX7iNSlH7f","comboOption":"rHmRtl8onqz"},{"indicator":"1g_other","dataElement":"SsX7iNSlH7f","comboOption":"bb4YHRc6bii"},{"indicator":"1h_1mnth","dataElement":"CRvvczRvzva","comboOption":"P9Q6sPuaCY7"},{"indicator":"1h_3mnths","dataElement":"CRvvczRvzva","comboOption":"acGZ4u0GIvC"},{"indicator":"1h_6mnths","dataElement":"CRvvczRvzva","comboOption":"rHmRtl8onqz"},{"indicator":"1h_other","dataElement":"CRvvczRvzva","comboOption":"bb4YHRc6bii"},{"indicator":"1j_1mnth","dataElement":"ZdA09PTOQsd","comboOption":"P9Q6sPuaCY7"},{"indicator":"1j_3mnths","dataElement":"ZdA09PTOQsd","comboOption":"acGZ4u0GIvC"},{"indicator":"1j_6mnths","dataElement":"ZdA09PTOQsd","comboOption":"rHmRtl8onqz"},{"indicator":"1j_other","dataElement":"ZdA09PTOQsd","comboOption":"bb4YHRc6bii"},{"indicator":"1k_1mnth","dataElement":"usnq2FQ96fp","comboOption":"P9Q6sPuaCY7"},{"indicator":"1k_3mnths","dataElement":"usnq2FQ96fp","comboOption":"acGZ4u0GIvC"},{"indicator":"1k_6mnths","dataElement":"usnq2FQ96fp","comboOption":"rHmRtl8onqz"},{"indicator":"1k_other","dataElement":"usnq2FQ96fp","comboOption":"bb4YHRc6bii"},{"indicator":"1m_1mnth","dataElement":"YU5fBTDylwO","comboOption":"P9Q6sPuaCY7"},{"indicator":"1m_3mnths","dataElement":"YU5fBTDylwO","comboOption":"acGZ4u0GIvC"},{"indicator":"1m_6mnths","dataElement":"YU5fBTDylwO","comboOption":"rHmRtl8onqz"},{"indicator":"1m_other","dataElement":"YU5fBTDylwO","comboOption":"bb4YHRc6bii"},{"indicator":"1n_1mnth","dataElement":"M3KHP3j57vE","comboOption":"P9Q6sPuaCY7"},{"indicator":"1n_3mnths","dataElement":"M3KHP3j57vE","comboOption":"acGZ4u0GIvC"},{"indicator":"1n_6mnths","dataElement":"M3KHP3j57vE","comboOption":"rHmRtl8onqz"},{"indicator":"1n_other","dataElement":"M3KHP3j57vE","comboOption":"bb4YHRc6bii"},{"indicator":"1p_1mnth","dataElement":"fN4VZCwYxoN","comboOption":"P9Q6sPuaCY7"},{"indicator":"1p_3mnths","dataElement":"fN4VZCwYxoN","comboOption":"acGZ4u0GIvC"},{"indicator":"1p_6mnths","dataElement":"fN4VZCwYxoN","comboOption":"rHmRtl8onqz"},{"indicator":"1p_other","dataElement":"fN4VZCwYxoN","comboOption":"bb4YHRc6bii"},{"indicator":"1q_1mnth","dataElement":"htp0NnpcW6s","comboOption":"P9Q6sPuaCY7"},{"indicator":"1q_3mnths","dataElement":"htp0NnpcW6s","comboOption":"acGZ4u0GIvC"},{"indicator":"1q_6mnths","dataElement":"htp0NnpcW6s","comboOption":"rHmRtl8onqz"},{"indicator":"1q_other","dataElement":"htp0NnpcW6s","comboOption":"bb4YHRc6bii"},{"indicator":"2c_1mnth","dataElement":"ymzKmfrNPO5","comboOption":"P9Q6sPuaCY7"},{"indicator":"2c_3mnths","dataElement":"ymzKmfrNPO5","comboOption":"acGZ4u0GIvC"},{"indicator":"2d_1mnth","dataElement":"u9R6jTyMCZZ","comboOption":"P9Q6sPuaCY7"},{"indicator":"2d_3mnths","dataElement":"u9R6jTyMCZZ","comboOption":"acGZ4u0GIvC"},{"indicator":"2e_1mnth","dataElement":"imXNNFtypKZ","comboOption":"P9Q6sPuaCY7"},{"indicator":"2e_3mnths","dataElement":"imXNNFtypKZ","comboOption":"acGZ4u0GIvC"},{"indicator":"2f_1mnth","dataElement":"fuY4KfjjlXj","comboOption":"P9Q6sPuaCY7"},{"indicator":"2f_3mnths","dataElement":"fuY4KfjjlXj","comboOption":"acGZ4u0GIvC"},{"indicator":"2g_1mnth","dataElement":"jylrb6opRPH","comboOption":"P9Q6sPuaCY7"},{"indicator":"2g_3mnths","dataElement":"jylrb6opRPH","comboOption":"acGZ4u0GIvC"},{"indicator":"2h_1mnth","dataElement":"H8aNsNYKvgc","comboOption":"P9Q6sPuaCY7"},{"indicator":"2h_3mnths","dataElement":"H8aNsNYKvgc","comboOption":"acGZ4u0GIvC"},{"indicator":"2j_1mnth","dataElement":"Q9d2XQ3rQxP","comboOption":"P9Q6sPuaCY7"},{"indicator":"2j_3mnths","dataElement":"Q9d2XQ3rQxP","comboOption":"acGZ4u0GIvC"},{"indicator":"2k_1mnth","dataElement":"o8DkeGaWp2T","comboOption":"P9Q6sPuaCY7"},{"indicator":"2k_3mnths","dataElement":"o8DkeGaWp2T","comboOption":"acGZ4u0GIvC"},{"indicator":"2l_1mnth","dataElement":"ldzxaZcTXc1","comboOption":"P9Q6sPuaCY7"},{"indicator":"2l_3mnths","dataElement":"ldzxaZcTXc1","comboOption":"acGZ4u0GIvC"},{"indicator":"2m_1mnth","dataElement":"F0TiyX3iMJ7","comboOption":"P9Q6sPuaCY7"},{"indicator":"2m_3mnths","dataElement":"F0TiyX3iMJ7","comboOption":"acGZ4u0GIvC"},{"indicator":"2n_1mnth","dataElement":"IC8Ue23FRXA","comboOption":"P9Q6sPuaCY7"},{"indicator":"2n_3mnths","dataElement":"IC8Ue23FRXA","comboOption":"acGZ4u0GIvC"},{"indicator":"2o_1mnth","dataElement":"IlKv9YD1udT","comboOption":"P9Q6sPuaCY7"},{"indicator":"2o_3mnths","dataElement":"IlKv9YD1udT","comboOption":"acGZ4u0GIvC"},{"indicator":"2p_1mnth","dataElement":"OcKBGX2APjH","comboOption":"P9Q6sPuaCY7"},{"indicator":"2p_3mnths","dataElement":"OcKBGX2APjH","comboOption":"acGZ4u0GIvC"},{"indicator":"2q_1mnth","dataElement":"MRwEgBhw72e","comboOption":"P9Q6sPuaCY7"},{"indicator":"2q_3mnths","dataElement":"MRwEgBhw72e","comboOption":"acGZ4u0GIvC"},{"indicator":"3a_3mnths","dataElement":"sgf6uW1U3Hh","comboOption":"P9Q6sPuaCY7"},{"indicator":"3b_3mnths","dataElement":"XX0ugIUXWOM","comboOption":"P9Q6sPuaCY7"},{"indicator":"3c_3mnths","dataElement":"sYswJ8GLE5l","comboOption":"P9Q6sPuaCY7"},{"indicator":"3d_3mnths","dataElement":"hEUmfMgmZzN","comboOption":"P9Q6sPuaCY7"},{"indicator":"3e_3mnths","dataElement":"nPneThmcqoF","comboOption":"P9Q6sPuaCY7"},{"indicator":"3f_3mnths","dataElement":"qzjD3osXDsr","comboOption":"P9Q6sPuaCY7"},{"indicator":"3g_3mnths","dataElement":"bYhv6LrHXI0","comboOption":"P9Q6sPuaCY7"},{"indicator":"3h_3mnths","dataElement":"ejfRCZGUTar","comboOption":"P9Q6sPuaCY7"},{"indicator":"other_1mnt","dataElement":"pdwwSiJUQje","comboOption":"P9Q6sPuaCY7"},{"indicator":"other_3mnt","dataElement":"pdwwSiJUQje","comboOption":"acGZ4u0GIvC"},{"indicator":"other_6mnt","dataElement":"pdwwSiJUQje","comboOption":"rHmRtl8onqz"},{"indicator":"other_othe","dataElement":"pdwwSiJUQje","comboOption":"bb4YHRc6bii"}]}