{"name":"2020_ART_Current Mapping","periodType":"Monthly","created":1591603428946,"dataSetUID":"ps5Yaez5cYL","periodIndicatorReportGUID":"bb51ec9d-5c8e-4d60-95d4-f457e3e87a85","elements":[{"indicator":"DefaultF1-","dataElement":"null","comboOption":"K5vi0FouUhk"},{"indicator":"DefaultF10","dataElement":"null","comboOption":"H6gRO6Fk2z5"},{"indicator":"DefaultF15","dataElement":"null","comboOption":"I06844kpruj"},{"indicator":"DefaultF20","dataElement":"null","comboOption":"dnENZnNWDsn"},{"indicator":"DefaultF25","dataElement":"null","comboOption":"dOp6s9tOpaQ"},{"indicator":"DefaultF30","dataElement":"null","comboOption":"hDYiOpgnUmE"},{"indicator":"DefaultF35","dataElement":"null","comboOption":"EAbeHR61ft1"},{"indicator":"DefaultF40","dataElement":"null","comboOption":"nQrR1Zgq2gr"},{"indicator":"DefaultF45","dataElement":"null","comboOption":"NTCqCfaP80J"},{"indicator":"DefaultF5-","dataElement":"null","comboOption":"Q4Firnf3ijf"},{"indicator":"DefaultF50","dataElement":"null","comboOption":"yXvU2aw5wyC"},{"indicator":"DefaultF<1","dataElement":"null","comboOption":"kUdV8RvgV5s"},{"indicator":"DefaultM1-","dataElement":"null","comboOption":"tcIRY6sRUwu"},{"indicator":"DefaultM10","dataElement":"null","comboOption":"DV6o34zpIjv"},{"indicator":"DefaultM15","dataElement":"null","comboOption":"vfLYjpOKUf6"},{"indicator":"DefaultM20","dataElement":"null","comboOption":"oiMr7kc4xQ4"},{"indicator":"DefaultM25","dataElement":"null","comboOption":"C6m6OCR7m6G"},{"indicator":"DefaultM30","dataElement":"null","comboOption":"drpUCVywbI0"},{"indicator":"DefaultM35","dataElement":"null","comboOption":"TnfsTY77mJy"},{"indicator":"DefaultM40","dataElement":"null","comboOption":"RJSlhFTTNXI"},{"indicator":"DefaultM45","dataElement":"null","comboOption":"Yg1cxATwSlO"},{"indicator":"DefaultM5-","dataElement":"null","comboOption":"RoJqHI8Mez4"},{"indicator":"DefaultM50","dataElement":"null","comboOption":"mbz798qghl6"},{"indicator":"DiedClient","dataElement":"null","comboOption":"tUiK0vIsDaX"},{"indicator":"LostToFU","dataElement":"null","comboOption":"tUiK0vIsDaX"},{"indicator":"MMD_F1-4","dataElement":"null","comboOption":"K5vi0FouUhk"},{"indicator":"MMD_F10-14","dataElement":"null","comboOption":"H6gRO6Fk2z5"},{"indicator":"MMD_F15-19","dataElement":"null","comboOption":"I06844kpruj"},{"indicator":"MMD_F20-24","dataElement":"null","comboOption":"dnENZnNWDsn"},{"indicator":"MMD_F25-29","dataElement":"null","comboOption":"dOp6s9tOpaQ"},{"indicator":"MMD_F30-34","dataElement":"null","comboOption":"hDYiOpgnUmE"},{"indicator":"MMD_F35-39","dataElement":"null","comboOption":"EAbeHR61ft1"},{"indicator":"MMD_F40-44","dataElement":"null","comboOption":"nQrR1Zgq2gr"},{"indicator":"MMD_F45-49","dataElement":"null","comboOption":"NTCqCfaP80J"},{"indicator":"MMD_F5-9","dataElement":"null","comboOption":"Q4Firnf3ijf"},{"indicator":"MMD_F50+","dataElement":"null","comboOption":"yXvU2aw5wyC"},{"indicator":"MMD_M1-4","dataElement":"null","comboOption":"tcIRY6sRUwu"},{"indicator":"MMD_M10-14","dataElement":"null","comboOption":"DV6o34zpIjv"},{"indicator":"MMD_M15-19","dataElement":"null","comboOption":"vfLYjpOKUf6"},{"indicator":"MMD_M20-24","dataElement":"null","comboOption":"oiMr7kc4xQ4"},{"indicator":"MMD_M25-29","dataElement":"null","comboOption":"C6m6OCR7m6G"},{"indicator":"MMD_M30-34","dataElement":"null","comboOption":"drpUCVywbI0"},{"indicator":"MMD_M35-39","dataElement":"null","comboOption":"TnfsTY77mJy"},{"indicator":"MMD_M40-44","dataElement":"null","comboOption":"RJSlhFTTNXI"},{"indicator":"MMD_M45-49","dataElement":"null","comboOption":"Yg1cxATwSlO"},{"indicator":"MMD_M5-9","dataElement":"null","comboOption":"RoJqHI8Mez4"},{"indicator":"MMD_M50+","dataElement":"null","comboOption":"mbz798qghl6"},{"indicator":"MissedF1-4","dataElement":"null","comboOption":"K5vi0FouUhk"},{"indicator":"MissedF10-","dataElement":"null","comboOption":"H6gRO6Fk2z5"},{"indicator":"MissedF15-","dataElement":"null","comboOption":"I06844kpruj"},{"indicator":"MissedF20-","dataElement":"null","comboOption":"dnENZnNWDsn"},{"indicator":"MissedF25-","dataElement":"null","comboOption":"dOp6s9tOpaQ"},{"indicator":"MissedF30-","dataElement":"null","comboOption":"hDYiOpgnUmE"},{"indicator":"MissedF35-","dataElement":"null","comboOption":"EAbeHR61ft1"},{"indicator":"MissedF40-","dataElement":"null","comboOption":"nQrR1Zgq2gr"},{"indicator":"MissedF45-","dataElement":"null","comboOption":"NTCqCfaP80J"},{"indicator":"MissedF5-9","dataElement":"null","comboOption":"Q4Firnf3ijf"},{"indicator":"MissedF50+","dataElement":"null","comboOption":"yXvU2aw5wyC"},{"indicator":"MissedM1-4","dataElement":"null","comboOption":"tcIRY6sRUwu"},{"indicator":"MissedM10-","dataElement":"null","comboOption":"DV6o34zpIjv"},{"indicator":"MissedM15-","dataElement":"null","comboOption":"vfLYjpOKUf6"},{"indicator":"MissedM20-","dataElement":"null","comboOption":"oiMr7kc4xQ4"},{"indicator":"MissedM25-","dataElement":"null","comboOption":"C6m6OCR7m6G"},{"indicator":"MissedM30-","dataElement":"null","comboOption":"drpUCVywbI0"},{"indicator":"MissedM35-","dataElement":"null","comboOption":"TnfsTY77mJy"},{"indicator":"MissedM40","dataElement":"null","comboOption":"RJSlhFTTNXI"},{"indicator":"MissedM45-","dataElement":"null","comboOption":"Yg1cxATwSlO"},{"indicator":"MissedM5-9","dataElement":"null","comboOption":"RoJqHI8Mez4"},{"indicator":"MissedM50+","dataElement":"null","comboOption":"mbz798qghl6"},{"indicator":"Restarted","dataElement":"null","comboOption":"tUiK0vIsDaX"},{"indicator":"SeenFema1-","dataElement":"null","comboOption":"K5vi0FouUhk"},{"indicator":"SeenFema10","dataElement":"null","comboOption":"H6gRO6Fk2z5"},{"indicator":"SeenFema15","dataElement":"null","comboOption":"I06844kpruj"},{"indicator":"SeenFema20","dataElement":"null","comboOption":"dnENZnNWDsn"},{"indicator":"SeenFema25","dataElement":"null","comboOption":"dOp6s9tOpaQ"},{"indicator":"SeenFema30","dataElement":"null","comboOption":"hDYiOpgnUmE"},{"indicator":"SeenFema35","dataElement":"null","comboOption":"EAbeHR61ft1"},{"indicator":"SeenFema40","dataElement":"null","comboOption":"nQrR1Zgq2gr"},{"indicator":"SeenFema45","dataElement":"null","comboOption":"NTCqCfaP80J"},{"indicator":"SeenFema5-","dataElement":"null","comboOption":"Q4Firnf3ijf"},{"indicator":"SeenFema50","dataElement":"null","comboOption":"yXvU2aw5wyC"},{"indicator":"SeenMale1-","dataElement":"null","comboOption":"tcIRY6sRUwu"},{"indicator":"SeenMale10","dataElement":"null","comboOption":"DV6o34zpIjv"},{"indicator":"SeenMale15","dataElement":"null","comboOption":"vfLYjpOKUf6"},{"indicator":"SeenMale20","dataElement":"null","comboOption":"oiMr7kc4xQ4"},{"indicator":"SeenMale25","dataElement":"null","comboOption":"C6m6OCR7m6G"},{"indicator":"SeenMale30","dataElement":"null","comboOption":"drpUCVywbI0"},{"indicator":"SeenMale35","dataElement":"null","comboOption":"TnfsTY77mJy"},{"indicator":"SeenMale40","dataElement":"null","comboOption":"RJSlhFTTNXI"},{"indicator":"SeenMale45","dataElement":"null","comboOption":"Yg1cxATwSlO"},{"indicator":"SeenMale5-","dataElement":"null","comboOption":"RoJqHI8Mez4"},{"indicator":"SeenMale50","dataElement":"null","comboOption":"mbz798qghl6"},{"indicator":"StoppedART","dataElement":"null","comboOption":"tUiK0vIsDaX"},{"indicator":"TransferIn","dataElement":"null","comboOption":"tUiK0vIsDaX"},{"indicator":"TransferOu","dataElement":"null","comboOption":"tUiK0vIsDaX"},{"indicator":"newFema1-4","dataElement":"null","comboOption":"K5vi0FouUhk"},{"indicator":"newFema10-","dataElement":"null","comboOption":"H6gRO6Fk2z5"},{"indicator":"newFema15-","dataElement":"null","comboOption":"I06844kpruj"},{"indicator":"newFema20-","dataElement":"null","comboOption":"dnENZnNWDsn"},{"indicator":"newFema25-","dataElement":"null","comboOption":"dOp6s9tOpaQ"},{"indicator":"newFema30-","dataElement":"null","comboOption":"hDYiOpgnUmE"},{"indicator":"newFema35-","dataElement":"null","comboOption":"EAbeHR61ft1"},{"indicator":"newFema40-","dataElement":"null","comboOption":"nQrR1Zgq2gr"},{"indicator":"newFema45-","dataElement":"null","comboOption":"NTCqCfaP80J"},{"indicator":"newFema5-9","dataElement":"null","comboOption":"Q4Firnf3ijf"},{"indicator":"newFema50+","dataElement":"null","comboOption":"yXvU2aw5wyC"},{"indicator":"newFemale1","dataElement":"null","comboOption":"kUdV8RvgV5s"},{"indicator":"newMale1","dataElement":"null","comboOption":"tcIRY6sRUwu"},{"indicator":"newMale1-4","dataElement":"null","comboOption":"DV6o34zpIjv"},{"indicator":"newMale10-","dataElement":"null","comboOption":"vfLYjpOKUf6"},{"indicator":"newMale15-","dataElement":"null","comboOption":"oiMr7kc4xQ4"},{"indicator":"newMale20-","dataElement":"null","comboOption":"C6m6OCR7m6G"},{"indicator":"newMale25-","dataElement":"null","comboOption":"drpUCVywbI0"},{"indicator":"newMale30-","dataElement":"null","comboOption":"TnfsTY77mJy"},{"indicator":"newMale35-","dataElement":"null","comboOption":"RJSlhFTTNXI"},{"indicator":"newMale40-","dataElement":"null","comboOption":"Yg1cxATwSlO"},{"indicator":"newMale45-","dataElement":"null","comboOption":"RoJqHI8Mez4"},{"indicator":"newMale5-9","dataElement":"null","comboOption":"mbz798qghl6"},{"indicator":"newMale50+","dataElement":"null","comboOption":"CNcWYqvwPOl"}]}