{"name":"2021_adult_arv_3rdline_regimen_Mapping","periodType":"Monthly","created":1627990479956,"dataSetUID":"ps5Yaez5cYL","periodIndicatorReportGUID":"d91aae02-390f-4f91-9b6f-ff17d9b03fc5","elements":[{"indicator":"3a_Other","dataElement":"sgf6uW1U3Hh","comboOption":"bb4YHRc6bii"},{"indicator":"3a1mnth","dataElement":"sgf6uW1U3Hh","comboOption":"P9Q6sPuaCY7"},{"indicator":"3b_Other","dataElement":"XX0ugIUXWOM","comboOption":"bb4YHRc6bii"},{"indicator":"3b1month","dataElement":"XX0ugIUXWOM","comboOption":"P9Q6sPuaCY7"},{"indicator":"3c_Other","dataElement":"sYswJ8GLE5l","comboOption":"bb4YHRc6bii"},{"indicator":"3c1month","dataElement":"sYswJ8GLE5l","comboOption":"P9Q6sPuaCY7"},{"indicator":"3d_Other","dataElement":"hEUmfMgmZzN","comboOption":"bb4YHRc6bii"},{"indicator":"3d1month","dataElement":"hEUmfMgmZzN","comboOption":"P9Q6sPuaCY7"},{"indicator":"3e_Other","dataElement":"nPneThmcqoF","comboOption":"bb4YHRc6bii"},{"indicator":"3e1month","dataElement":"nPneThmcqoF","comboOption":"P9Q6sPuaCY7"},{"indicator":"3f_Other","dataElement":"qzjD3osXDsr","comboOption":"bb4YHRc6bii"},{"indicator":"3f1month","dataElement":"qzjD3osXDsr","comboOption":"P9Q6sPuaCY7"},{"indicator":"3g_Other","dataElement":"bYhv6LrHXI0","comboOption":"bb4YHRc6bii"},{"indicator":"3g1month","dataElement":"bYhv6LrHXI0","comboOption":"P9Q6sPuaCY7"},{"indicator":"3h_Other","dataElement":"ejfRCZGUTar","comboOption":"bb4YHRc6bii"},{"indicator":"3h1month","dataElement":"ejfRCZGUTar","comboOption":"P9Q6sPuaCY7"}]}