{"name":"2021_adult_arv_2ndline_regimen_Mapping","periodType":"Monthly","created":1627989399721,"dataSetUID":"ps5Yaez5cYL","periodIndicatorReportGUID":"65dc07c7-72f2-48bb-af53-7e978056539c","elements":[{"indicator":"2c1month","dataElement":"ymzKmfrNPO5","comboOption":"P9Q6sPuaCY7"},{"indicator":"2c3months","dataElement":"ymzKmfrNPO5","comboOption":"acGZ4u0GIvC"},{"indicator":"2cOther","dataElement":"ymzKmfrNPO5","comboOption":"bb4YHRc6bii"},{"indicator":"2d1month","dataElement":"u9R6jTyMCZZ","comboOption":"P9Q6sPuaCY7"},{"indicator":"2d3months","dataElement":"u9R6jTyMCZZ","comboOption":"acGZ4u0GIvC"},{"indicator":"2dOther","dataElement":"u9R6jTyMCZZ","comboOption":"bb4YHRc6bii"},{"indicator":"2e1month","dataElement":"imXNNFtypKZ","comboOption":"P9Q6sPuaCY7"},{"indicator":"2e3months","dataElement":"imXNNFtypKZ","comboOption":"acGZ4u0GIvC"},{"indicator":"2eOther","dataElement":"imXNNFtypKZ","comboOption":"bb4YHRc6bii"},{"indicator":"2f1month","dataElement":"fuY4KfjjlXj","comboOption":"P9Q6sPuaCY7"},{"indicator":"2f3months","dataElement":"fuY4KfjjlXj","comboOption":"acGZ4u0GIvC"},{"indicator":"2fOther","dataElement":"fuY4KfjjlXj","comboOption":"bb4YHRc6bii"},{"indicator":"2g1month","dataElement":"jylrb6opRPH","comboOption":"P9Q6sPuaCY7"},{"indicator":"2g3months","dataElement":"jylrb6opRPH","comboOption":"acGZ4u0GIvC"},{"indicator":"2gOther","dataElement":"jylrb6opRPH","comboOption":"bb4YHRc6bii"},{"indicator":"2h1month","dataElement":"H8aNsNYKvgc","comboOption":"P9Q6sPuaCY7"},{"indicator":"2h3months","dataElement":"H8aNsNYKvgc","comboOption":"acGZ4u0GIvC"},{"indicator":"2hOther","dataElement":"H8aNsNYKvgc","comboOption":"bb4YHRc6bii"},{"indicator":"2i1month","dataElement":"Q9d2XQ3rQxP","comboOption":"P9Q6sPuaCY7"},{"indicator":"2i3months","dataElement":"Q9d2XQ3rQxP","comboOption":"acGZ4u0GIvC"},{"indicator":"2iOther","dataElement":"Q9d2XQ3rQxP","comboOption":"bb4YHRc6bii"},{"indicator":"2j1month","dataElement":"o8DkeGaWp2T","comboOption":"P9Q6sPuaCY7"},{"indicator":"2j3months","dataElement":"o8DkeGaWp2T","comboOption":"acGZ4u0GIvC"},{"indicator":"2jOther","dataElement":"o8DkeGaWp2T","comboOption":"bb4YHRc6bii"},{"indicator":"2k1month","dataElement":"ldzxaZcTXc1","comboOption":"P9Q6sPuaCY7"},{"indicator":"2k3months","dataElement":"ldzxaZcTXc1","comboOption":"acGZ4u0GIvC"},{"indicator":"2kOther","dataElement":"ldzxaZcTXc1","comboOption":"bb4YHRc6bii"},{"indicator":"2l1month","dataElement":"F0TiyX3iMJ7","comboOption":"P9Q6sPuaCY7"},{"indicator":"2l3months","dataElement":"F0TiyX3iMJ7","comboOption":"acGZ4u0GIvC"},{"indicator":"2lOther","dataElement":"F0TiyX3iMJ7","comboOption":"bb4YHRc6bii"},{"indicator":"2m1month","dataElement":"IC8Ue23FRXA","comboOption":"P9Q6sPuaCY7"},{"indicator":"2m3months","dataElement":"IC8Ue23FRXA","comboOption":"acGZ4u0GIvC"},{"indicator":"2mOther","dataElement":"IC8Ue23FRXA","comboOption":"bb4YHRc6bii"},{"indicator":"2n1month","dataElement":"IlKv9YD1udT","comboOption":"P9Q6sPuaCY7"},{"indicator":"2n3months","dataElement":"IlKv9YD1udT","comboOption":"acGZ4u0GIvC"},{"indicator":"2nOther","dataElement":"IlKv9YD1udT","comboOption":"bb4YHRc6bii"},{"indicator":"2o1month","dataElement":"OcKBGX2APjH","comboOption":"P9Q6sPuaCY7"},{"indicator":"2o3months","dataElement":"OcKBGX2APjH","comboOption":"acGZ4u0GIvC"},{"indicator":"2oOther","dataElement":"OcKBGX2APjH","comboOption":"bb4YHRc6bii"},{"indicator":"2p1month","dataElement":"MRwEgBhw72e","comboOption":"P9Q6sPuaCY7"},{"indicator":"2p3months","dataElement":"MRwEgBhw72e","comboOption":"acGZ4u0GIvC"},{"indicator":"2pOther","dataElement":"MRwEgBhw72e","comboOption":"bb4YHRc6bii"},{"indicator":"2q1month","dataElement":"bueSPKLxwAO","comboOption":"P9Q6sPuaCY7"},{"indicator":"2q3months","dataElement":"bueSPKLxwAO","comboOption":"acGZ4u0GIvC"},{"indicator":"2qOther","dataElement":"bueSPKLxwAO","comboOption":"bb4YHRc6bii"},{"indicator":"2r1month","dataElement":"aVTdHxFAABR","comboOption":"P9Q6sPuaCY7"},{"indicator":"2r3months","dataElement":"aVTdHxFAABR","comboOption":"acGZ4u0GIvC"},{"indicator":"2rOther","dataElement":"aVTdHxFAABR","comboOption":"bb4YHRc6bii"},{"indicator":"2s1month","dataElement":"owKR7LxHWGu","comboOption":"P9Q6sPuaCY7"},{"indicator":"2s3months","dataElement":"owKR7LxHWGu","comboOption":"acGZ4u0GIvC"},{"indicator":"2sOther","dataElement":"owKR7LxHWGu","comboOption":"bb4YHRc6bii"}]}