{"name":"2ndline Regimen_2018","periodType":"Monthly","created":1531233373206,"dataSetUID":"T7Itp9TYm9j","periodIndicatorReportGUID":"65406ae1-061f-409e-b69b-8bc406bc0e0f","elements":[{"indicator":"2cAdultF","dataElement":"ymzKmfrNPO5","comboOption":"I90dBHQXiAI"},{"indicator":"2cAdultM","dataElement":"ymzKmfrNPO5","comboOption":"r0qU247Vvdb"},{"indicator":"2dAdultF","dataElement":"u9R6jTyMCZZ","comboOption":"I90dBHQXiAI"},{"indicator":"2dAdultM","dataElement":"u9R6jTyMCZZ","comboOption":"r0qU247Vvdb"},{"indicator":"2eAdultF","dataElement":"imXNNFtypKZ","comboOption":"I90dBHQXiAI"},{"indicator":"2eAdultM","dataElement":"imXNNFtypKZ","comboOption":"r0qU247Vvdb"},{"indicator":"2fAdultF","dataElement":"fuY4KfjjlXj","comboOption":"I90dBHQXiAI"},{"indicator":"2fAdultM","dataElement":"fuY4KfjjlXj","comboOption":"r0qU247Vvdb"},{"indicator":"2gBCAdultF","dataElement":"jylrb6opRPH","comboOption":"I90dBHQXiAI"},{"indicator":"2gBCAdultM","dataElement":"jylrb6opRPH","comboOption":"r0qU247Vvdb"},{"indicator":"2gZTAdultF","dataElement":"sf8Zw9Nfb9I","comboOption":"I90dBHQXiAI"},{"indicator":"2gZTAdultM","dataElement":"sf8Zw9Nfb9I","comboOption":"r0qU247Vvdb"},{"indicator":"2hAdultF","dataElement":"H8aNsNYKvgc","comboOption":"I90dBHQXiAI"},{"indicator":"2hAdultM","dataElement":"H8aNsNYKvgc","comboOption":"r0qU247Vvdb"},{"indicator":"5a10-13.9F","dataElement":"fdjlhYvIo52","comboOption":"CPw126M2Ik0"},{"indicator":"5a10-13.9M","dataElement":"fdjlhYvIo52","comboOption":"Bvqse6tip8g"},{"indicator":"5a14-19.9F","dataElement":"fdjlhYvIo52","comboOption":"z9hJujdF9bZ"},{"indicator":"5a14-19.9M","dataElement":"fdjlhYvIo52","comboOption":"xJ2pYyqpgO9"},{"indicator":"5a20-24.9F","dataElement":"fdjlhYvIo52","comboOption":"E3xBL5Hbpda"},{"indicator":"5a20-24.9M","dataElement":"fdjlhYvIo52","comboOption":"zWRwQxEHjYI"},{"indicator":"5a25+F","dataElement":"fdjlhYvIo52","comboOption":"dQss4sdjsXB"},
{"indicator":"5a25+M","dataElement":"fdjlhYvIo52","comboOption":"j3xS9SfA5Ml"},{"indicator":"5a3-3.9F","dataElement":"fdjlhYvIo52","comboOption":"EgI7jKN3BGL"},{"indicator":"5a3-3.9M","dataElement":"fdjlhYvIo52","comboOption":"vBjareW2iU9"},{"indicator":"5a4-5.9F","dataElement":"fdjlhYvIo52","comboOption":"Z9FpIovZYRN"},{"indicator":"5a4-5.9M","dataElement":"fdjlhYvIo52","comboOption":"O91WOqdXofX"},{"indicator":"5a6-9.9F","dataElement":"fdjlhYvIo52","comboOption":"SOUKe9vkItK"},{"indicator":"5a6-9.9M","dataElement":"fdjlhYvIo52","comboOption":"uuLVrapN51s"},{"indicator":"5b10-13.9F","dataElement":"ctVH46atted","comboOption":"CPw126M2Ik0"},{"indicator":"5b10-13.9M","dataElement":"ctVH46atted","comboOption":"Bvqse6tip8g"},{"indicator":"5b14-19.9F","dataElement":"ctVH46atted","comboOption":"z9hJujdF9bZ"},{"indicator":"5b14-19.9M","dataElement":"ctVH46atted","comboOption":"xJ2pYyqpgO9"},{"indicator":"5b20-24.9F","dataElement":"ctVH46atted","comboOption":"E3xBL5Hbpda"},{"indicator":"5b20-24.9M","dataElement":"ctVH46atted","comboOption":"zWRwQxEHjYI"},{"indicator":"5b25+F","dataElement":"ctVH46atted","comboOption":"dQss4sdjsXB"},{"indicator":"5b25+M","dataElement":"ctVH46atted","comboOption":"j3xS9SfA5Ml"},{"indicator":"5b3-3.9F","dataElement":"ctVH46atted","comboOption":"EgI7jKN3BGL"},{"indicator":"5b3-3.9M","dataElement":"ctVH46atted","comboOption":"vBjareW2iU9"},{"indicator":"5b4-5.9F","dataElement":"ctVH46atted","comboOption":"Z9FpIovZYRN"},{"indicator":"5b4-5.9M","dataElement":"ctVH46atted","comboOption":"O91WOqdXofX"},{"indicator":"5b6-9.9F","dataElement":"ctVH46atted","comboOption":"SOUKe9vkItK"},{"indicator":"5b6-9.9M","dataElement":"ctVH46atted","comboOption":"uuLVrapN51s"}]}
