{"name":"3rd Line Regimen 2018","periodType":"Monthly","created":1531234829562,"dataSetUID":"T7Itp9TYm9j","periodIndicatorReportGUID":"5db0a89b-cb19-4d62-b005-a76877a2cebb","elements":[{"indicator":"3aAdultF","dataElement":"sgf6uW1U3Hh","comboOption":"I90dBHQXiAI"},{"indicator":"3aAdultM","dataElement":"sgf6uW1U3Hh","comboOption":"r0qU247Vvdb"},{"indicator":"3bAdultF","dataElement":"XX0ugIUXWOM","comboOption":"I90dBHQXiAI"},{"indicator":"3bAdultM","dataElement":"XX0ugIUXWOM","comboOption":"r0qU247Vvdb"},{"indicator":"6a10-13.9F","dataElement":"fo1xfpmgr4l","comboOption":"CPw126M2Ik0"},{"indicator":"6a10-13.9M","dataElement":"fo1xfpmgr4l","comboOption":"Bvqse6tip8g"},{"indicator":"6a14-19.9F","dataElement":"fo1xfpmgr4l","comboOption":"z9hJujdF9bZ"},{"indicator":"6a14-19.9M","dataElement":"fo1xfpmgr4l","comboOption":"xJ2pYyqpgO9"},{"indicator":"6a20-24.9F","dataElement":"fo1xfpmgr4l","comboOption":"E3xBL5Hbpda"},{"indicator":"6a20-24.9M","dataElement":"fo1xfpmgr4l","comboOption":"zWRwQxEHjYI"},{"indicator":"6a25+F","dataElement":"fo1xfpmgr4l","comboOption":"dQss4sdjsXB"},
{"indicator":"6a25+M","dataElement":"fo1xfpmgr4l","comboOption":"j3xS9SfA5Ml"},{"indicator":"6a3-3.9F","dataElement":"fo1xfpmgr4l","comboOption":"EgI7jKN3BGL"},{"indicator":"6a3-3.9M","dataElement":"fo1xfpmgr4l","comboOption":"vBjareW2iU9"},{"indicator":"6a4-5.9F","dataElement":"fo1xfpmgr4l","comboOption":"Z9FpIovZYRN"},{"indicator":"6a4-5.9M","dataElement":"fo1xfpmgr4l","comboOption":"O91WOqdXofX"},{"indicator":"6a6-9.9F","dataElement":"fo1xfpmgr4l","comboOption":"SOUKe9vkItK"},{"indicator":"6a6-9.9M","dataElement":"fo1xfpmgr4l","comboOption":"uuLVrapN51s"},{"indicator":"6aAdultF","dataElement":"omPJlOs1zDZ","comboOption":"I90dBHQXiAI"},{"indicator":"6aAdultM","dataElement":"omPJlOs1zDZ","comboOption":"r0qU247Vvdb"}]}
