{"name":"Adult_1stline_mapping","periodType":"Monthly","created":1594925768936,"dataSetUID":"ps5Yaez5cYL","periodIndicatorReportGUID":"d21e16d7-de8e-488d-86c0-b8c9136e8dff","elements":[{"indicator":"adult1c1mt","dataElement":"P46vyh7AU8U","comboOption":"P9Q6sPuaCY7"},{"indicator":"adult1c3mt","dataElement":"P46vyh7AU8U","comboOption":"acGZ4u0GIvC"},{"indicator":"adult1c6mt","dataElement":"P46vyh7AU8U","comboOption":"rHmRtl8onqz"},{"indicator":"adult1cOth","dataElement":"P46vyh7AU8U","comboOption":"bb4YHRc6bii"},{"indicator":"adult1d1mt","dataElement":"T08eiEYExoJ","comboOption":"P9Q6sPuaCY7"},{"indicator":"adult1d3mt","dataElement":"T08eiEYExoJ","comboOption":"acGZ4u0GIvC"},{"indicator":"adult1d6mt","dataElement":"T08eiEYExoJ","comboOption":"rHmRtl8onqz"},{"indicator":"adult1dOth","dataElement":"T08eiEYExoJ","comboOption":"bb4YHRc6bii"},{"indicator":"adult1e1mt","dataElement":"HL9iCrVkjed","comboOption":"P9Q6sPuaCY7"},{"indicator":"adult1e3mt","dataElement":"HL9iCrVkjed","comboOption":"acGZ4u0GIvC"},{"indicator":"adult1e6mt","dataElement":"HL9iCrVkjed","comboOption":"rHmRtl8onqz"},{"indicator":"adult1eOth","dataElement":"HL9iCrVkjed","comboOption":"bb4YHRc6bii"},{"indicator":"adult1f1mt","dataElement":"TI4IyOhybjn","comboOption":"P9Q6sPuaCY7"},{"indicator":"adult1f3mt","dataElement":"TI4IyOhybjn","comboOption":"acGZ4u0GIvC"},{"indicator":"adult1f6mt","dataElement":"TI4IyOhybjn","comboOption":"rHmRtl8onqz"},{"indicator":"adult1fOth","dataElement":"TI4IyOhybjn","comboOption":"bb4YHRc6bii"},{"indicator":"adult1g1mt","dataElement":"SsX7iNSlH7f","comboOption":"P9Q6sPuaCY7"},{"indicator":"adult1g3mt","dataElement":"SsX7iNSlH7f","comboOption":"acGZ4u0GIvC"},{"indicator":"adult1g6mt","dataElement":"SsX7iNSlH7f","comboOption":"rHmRtl8onqz"},{"indicator":"adult1gOth","dataElement":"SsX7iNSlH7f","comboOption":"bb4YHRc6bii"},{"indicator":"adult1h1mt","dataElement":"CRvvczRvzva","comboOption":"P9Q6sPuaCY7"},{"indicator":"adult1h3mt","dataElement":"CRvvczRvzva","comboOption":"acGZ4u0GIvC"},{"indicator":"adult1h6mt","dataElement":"CRvvczRvzva","comboOption":"rHmRtl8onqz"},{"indicator":"adult1hOth","dataElement":"CRvvczRvzva","comboOption":"bb4YHRc6bii"},{"indicator":"adult1j1mt","dataElement":"ZdA09PTOQsd","comboOption":"P9Q6sPuaCY7"},{"indicator":"adult1j3mt","dataElement":"ZdA09PTOQsd","comboOption":"acGZ4u0GIvC"},{"indicator":"adult1j6mt","dataElement":"ZdA09PTOQsd","comboOption":"rHmRtl8onqz"},{"indicator":"adult1jOth","dataElement":"ZdA09PTOQsd","comboOption":"bb4YHRc6bii"},{"indicator":"adult1k1mt","dataElement":"pZDXNySMqYp","comboOption":"P9Q6sPuaCY7"},{"indicator":"adult1k3mt","dataElement":"pZDXNySMqYp","comboOption":"acGZ4u0GIvC"},{"indicator":"adult1k6mt","dataElement":"pZDXNySMqYp","comboOption":"rHmRtl8onqz"},{"indicator":"adult1kOth","dataElement":"pZDXNySMqYp","comboOption":"bb4YHRc6bii"},{"indicator":"adult1m1mt","dataElement":"YU5fBTDylwO","comboOption":"P9Q6sPuaCY7"},{"indicator":"adult1m3mt","dataElement":"YU5fBTDylwO","comboOption":"acGZ4u0GIvC"},{"indicator":"adult1m6mt","dataElement":"YU5fBTDylwO","comboOption":"rHmRtl8onqz"},{"indicator":"adult1mOth","dataElement":"YU5fBTDylwO","comboOption":"bb4YHRc6bii"},{"indicator":"adult1n1mt","dataElement":"M3KHP3j57vE","comboOption":"P9Q6sPuaCY7"},{"indicator":"adult1n3mt","dataElement":"M3KHP3j57vE","comboOption":"acGZ4u0GIvC"},{"indicator":"adult1n6mt","dataElement":"M3KHP3j57vE","comboOption":"rHmRtl8onqz"},{"indicator":"adult1nOth","dataElement":"M3KHP3j57vE","comboOption":"bb4YHRc6bii"},{"indicator":"adult1p1mt","dataElement":"fN4VZCwYxoN","comboOption":"P9Q6sPuaCY7"},{"indicator":"adult1p3mt","dataElement":"fN4VZCwYxoN","comboOption":"acGZ4u0GIvC"},{"indicator":"adult1p6mt","dataElement":"fN4VZCwYxoN","comboOption":"rHmRtl8onqz"},{"indicator":"adult1pOth","dataElement":"fN4VZCwYxoN","comboOption":"bb4YHRc6bii"},{"indicator":"adult1q1mt","dataElement":"htp0NnpcW6s","comboOption":"P9Q6sPuaCY7"},{"indicator":"adult1q3mt","dataElement":"htp0NnpcW6s","comboOption":"acGZ4u0GIvC"},{"indicator":"adult1q6mt","dataElement":"htp0NnpcW6s","comboOption":"rHmRtl8onqz"},{"indicator":"adult1qOth","dataElement":"htp0NnpcW6s","comboOption":"bb4YHRc6bii"},{"indicator":"adultOthr1","dataElement":"pdwwSiJUQje","comboOption":"P9Q6sPuaCY7"},{"indicator":"adultOthr3","dataElement":"pdwwSiJUQje","comboOption":"acGZ4u0GIvC"},{"indicator":"adultOthr6","dataElement":"pdwwSiJUQje","comboOption":"rHmRtl8onqz"},{"indicator":"adultothot","dataElement":"pdwwSiJUQje","comboOption":"bb4YHRc6bii"}]}