{"name":"adult_1stline_ARV_Regimen","periodType":"Monthly","created":1597042531772,"dataSetUID":"ps5Yaez5cYL","periodIndicatorReportGUID":"bf495055-881f-4d8f-a313-034368641292","elements":[{"indicator":"1c_1mnth","dataElement":"P46vyh7AU8U","comboOption":"P9Q6sPuaCY7"},{"indicator":"1c_3mnths","dataElement":"P46vyh7AU8U","comboOption":"acGZ4u0GIvC"},{"indicator":"1c_6mnths","dataElement":"P46vyh7AU8U","comboOption":"rHmRtl8onqz"},{"indicator":"1c_other","dataElement":"P46vyh7AU8U","comboOption":"bb4YHRc6bii"},{"indicator":"1d_1mnth","dataElement":"T08eiEYExoJ","comboOption":"P9Q6sPuaCY7"},{"indicator":"1d_3mnths","dataElement":"T08eiEYExoJ","comboOption":"acGZ4u0GIvC"},{"indicator":"1d_6mnths","dataElement":"T08eiEYExoJ","comboOption":"rHmRtl8onqz"},{"indicator":"1d_other","dataElement":"T08eiEYExoJ","comboOption":"bb4YHRc6bii"},{"indicator":"1e_1mnth","dataElement":"HL9iCrVkjed","comboOption":"P9Q6sPuaCY7"},{"indicator":"1e_3mnths","dataElement":"HL9iCrVkjed","comboOption":"acGZ4u0GIvC"},{"indicator":"1e_6mnths","dataElement":"HL9iCrVkjed","comboOption":"rHmRtl8onqz"},{"indicator":"1e_other","dataElement":"HL9iCrVkjed","comboOption":"bb4YHRc6bii"},{"indicator":"1f_1mnth","dataElement":"TI4IyOhybjn","comboOption":"P9Q6sPuaCY7"},{"indicator":"1f_3mnths","dataElement":"TI4IyOhybjn","comboOption":"acGZ4u0GIvC"},{"indicator":"1f_6mnths","dataElement":"TI4IyOhybjn","comboOption":"rHmRtl8onqz"},{"indicator":"1f_othmnth","dataElement":"TI4IyOhybjn","comboOption":"bb4YHRc6bii"},{"indicator":"1g_1mnth","dataElement":"SsX7iNSlH7f","comboOption":"P9Q6sPuaCY7"},{"indicator":"1g_3mnths","dataElement":"SsX7iNSlH7f","comboOption":"acGZ4u0GIvC"},{"indicator":"1g_6mnths","dataElement":"SsX7iNSlH7f","comboOption":"rHmRtl8onqz"},{"indicator":"1g_other","dataElement":"SsX7iNSlH7f","comboOption":"bb4YHRc6bii"},{"indicator":"1h_1mnth","dataElement":"CRvvczRvzva","comboOption":"P9Q6sPuaCY7"},{"indicator":"1h_3mnths","dataElement":"CRvvczRvzva","comboOption":"acGZ4u0GIvC"},{"indicator":"1h_6mnths","dataElement":"CRvvczRvzva","comboOption":"rHmRtl8onqz"},{"indicator":"1h_other","dataElement":"CRvvczRvzva","comboOption":"bb4YHRc6bii"},{"indicator":"1j_1mnth","dataElement":"hoAQs3jT4oV","comboOption":"P9Q6sPuaCY7"},{"indicator":"1j_3mnths","dataElement":"hoAQs3jT4oV","comboOption":"acGZ4u0GIvC"},{"indicator":"1j_6mnths","dataElement":"hoAQs3jT4oV","comboOption":"rHmRtl8onqz"},{"indicator":"1j_other","dataElement":"hoAQs3jT4oV","comboOption":"bb4YHRc6bii"},{"indicator":"1k_1mnth","dataElement":"usnq2FQ96fp","comboOption":"P9Q6sPuaCY7"},{"indicator":"1k_3mnths","dataElement":"usnq2FQ96fp","comboOption":"acGZ4u0GIvC"},{"indicator":"1k_6mnths","dataElement":"usnq2FQ96fp","comboOption":"rHmRtl8onqz"},{"indicator":"1k_other","dataElement":"usnq2FQ96fp","comboOption":"bb4YHRc6bii"},{"indicator":"1m_1mnth","dataElement":"YU5fBTDylwO","comboOption":"P9Q6sPuaCY7"},{"indicator":"1m_3mnths","dataElement":"YU5fBTDylwO","comboOption":"acGZ4u0GIvC"},{"indicator":"1m_6mnths","dataElement":"YU5fBTDylwO","comboOption":"rHmRtl8onqz"},{"indicator":"1m_other","dataElement":"YU5fBTDylwO","comboOption":"bb4YHRc6bii"},{"indicator":"1n_1mnth","dataElement":"M3KHP3j57vE","comboOption":"P9Q6sPuaCY7"},{"indicator":"1n_3mnths","dataElement":"M3KHP3j57vE","comboOption":"acGZ4u0GIvC"},{"indicator":"1n_6mnths","dataElement":"M3KHP3j57vE","comboOption":"rHmRtl8onqz"},{"indicator":"1n_other","dataElement":"M3KHP3j57vE","comboOption":"bb4YHRc6bii"},{"indicator":"1p_1mnth","dataElement":"fN4VZCwYxoN","comboOption":"P9Q6sPuaCY7"},{"indicator":"1p_3mnths","dataElement":"fN4VZCwYxoN","comboOption":"acGZ4u0GIvC"},{"indicator":"1p_6mnths","dataElement":"fN4VZCwYxoN","comboOption":"rHmRtl8onqz"},{"indicator":"1p_other","dataElement":"fN4VZCwYxoN","comboOption":"bb4YHRc6bii"},{"indicator":"1q_1mnth","dataElement":"htp0NnpcW6s","comboOption":"P9Q6sPuaCY7"},{"indicator":"1q_3mnths","dataElement":"htp0NnpcW6s","comboOption":"acGZ4u0GIvC"},{"indicator":"1q_6mnths","dataElement":"htp0NnpcW6s","comboOption":"rHmRtl8onqz"},{"indicator":"1q_other","dataElement":"htp0NnpcW6s","comboOption":"bb4YHRc6bii"},{"indicator":"other_1mnt","dataElement":"pdwwSiJUQje","comboOption":"P9Q6sPuaCY7"},{"indicator":"other_3mnt","dataElement":"pdwwSiJUQje","comboOption":"acGZ4u0GIvC"},{"indicator":"other_6mnt","dataElement":"pdwwSiJUQje","comboOption":"rHmRtl8onqz"},{"indicator":"other_othe","dataElement":"pdwwSiJUQje","comboOption":"bb4YHRc6bii"}]}