{"name":"Adult_2ndLine_ARV_Mapping","periodType":"Monthly","created":1595797567110,"dataSetUID":"ps5Yaez5cYL","periodIndicatorReportGUID":"8e5b796f-0a4c-4c90-af06-b3ef89810ef2","elements":[{"indicator":"2c1mnth","dataElement":"ymzKmfrNPO5","comboOption":"P9Q6sPuaCY7"},{"indicator":"2c3mnths","dataElement":"ymzKmfrNPO5","comboOption":"acGZ4u0GIvC"},{"indicator":"2d1mnth","dataElement":"u9R6jTyMCZZ","comboOption":"P9Q6sPuaCY7"},{"indicator":"2d3mnths","dataElement":"u9R6jTyMCZZ","comboOption":"acGZ4u0GIvC"},{"indicator":"2e1mnth","dataElement":"imXNNFtypKZ","comboOption":"P9Q6sPuaCY7"},{"indicator":"2e3mnths","dataElement":"imXNNFtypKZ","comboOption":"acGZ4u0GIvC"},{"indicator":"2f1mnth","dataElement":"fuY4KfjjlXj","comboOption":"P9Q6sPuaCY7"},{"indicator":"2f3mnths","dataElement":"fuY4KfjjlXj","comboOption":"acGZ4u0GIvC"},{"indicator":"2g1mnth","dataElement":"jylrb6opRPH","comboOption":"P9Q6sPuaCY7"},{"indicator":"2g3mnths","dataElement":"jylrb6opRPH","comboOption":"acGZ4u0GIvC"},{"indicator":"2h1mnth","dataElement":"H8aNsNYKvgc","comboOption":"P9Q6sPuaCY7"},{"indicator":"2h3mnths","dataElement":"H8aNsNYKvgc","comboOption":"acGZ4u0GIvC"},{"indicator":"2j1mnth","dataElement":"Q9d2XQ3rQxP","comboOption":"P9Q6sPuaCY7"},{"indicator":"2j3mnths","dataElement":"Q9d2XQ3rQxP","comboOption":"acGZ4u0GIvC"},{"indicator":"2k1mnth","dataElement":"o8DkeGaWp2T","comboOption":"P9Q6sPuaCY7"},{"indicator":"2k3mnths","dataElement":"o8DkeGaWp2T","comboOption":"acGZ4u0GIvC"},{"indicator":"2l1mnth","dataElement":"ldzxaZcTXc1","comboOption":"P9Q6sPuaCY7"},{"indicator":"2l3mnths","dataElement":"ldzxaZcTXc1","comboOption":"acGZ4u0GIvC"},{"indicator":"2m1mnth","dataElement":"F0TiyX3iMJ7","comboOption":"P9Q6sPuaCY7"},{"indicator":"2m3mnths","dataElement":"F0TiyX3iMJ7","comboOption":"acGZ4u0GIvC"},{"indicator":"2n1mnth","dataElement":"IC8Ue23FRXA","comboOption":"P9Q6sPuaCY7"},{"indicator":"2n3mnths","dataElement":"IC8Ue23FRXA","comboOption":"acGZ4u0GIvC"},{"indicator":"2o1mnth","dataElement":"IlKv9YD1udT","comboOption":"P9Q6sPuaCY7"},{"indicator":"2o3mnths","dataElement":"IlKv9YD1udT","comboOption":"acGZ4u0GIvC"},{"indicator":"2p1mnth","dataElement":"OcKBGX2APjH","comboOption":"P9Q6sPuaCY7"},{"indicator":"2p3mnths","dataElement":"OcKBGX2APjH","comboOption":"acGZ4u0GIvC"},{"indicator":"2q1mnth","dataElement":"MRwEgBhw72e","comboOption":"P9Q6sPuaCY7"},{"indicator":"2q3mnths","dataElement":"MRwEgBhw72e","comboOption":"acGZ4u0GIvC"}]}