{"name":"adult_3rdLine_ARV_Regimen","periodType":"Monthly","created":1595798396919,"dataSetUID":"ps5Yaez5cYL","periodIndicatorReportGUID":"afe451d4-5080-4689-b64a-75f0211f81a3","elements":[{"indicator":"3a1mnth","dataElement":"sgf6uW1U3Hh","comboOption":"P9Q6sPuaCY7"},{"indicator":"3b1mnth","dataElement":"XX0ugIUXWOM","comboOption":"P9Q6sPuaCY7"},{"indicator":"3c1mnth","dataElement":"sYswJ8GLE5l","comboOption":"P9Q6sPuaCY7"},{"indicator":"3d1mnth","dataElement":"hEUmfMgmZzN","comboOption":"P9Q6sPuaCY7"},{"indicator":"3e1mnth","dataElement":"nPneThmcqoF","comboOption":"P9Q6sPuaCY7"},{"indicator":"3f1mnth","dataElement":"qzjD3osXDsr","comboOption":"P9Q6sPuaCY7"},{"indicator":"3g1mnth","dataElement":"bYhv6LrHXI0","comboOption":"P9Q6sPuaCY7"},{"indicator":"3h1mnth","dataElement":"ejfRCZGUTar","comboOption":"P9Q6sPuaCY7"}]}