{"name":"ART_MAPPING19","periodType":"Monthly","created":1547731594109,"dataSetUID":"T7Itp9TYm9j","periodIndicatorReportGUID":"5e05f218-9849-4e55-8c1c-e3d02422227c","elements":[{"indicator":"Discordant","dataElement":"iugcqzmM3cR","comboOption":"tUiK0vIsDaX"},{"indicator":"NuStF10-14","dataElement":"BEMK0jQHPBN","comboOption":"xtPBQjEzCaq"},{"indicator":"NuStF15-19","dataElement":"BEMK0jQHPBN","comboOption":"hoG9C2uI0Xs"},{"indicator":"NuStF20-24","dataElement":"BEMK0jQHPBN","comboOption":"AxX6TVSmFq1"},{"indicator":"NuStF25-49","dataElement":"BEMK0jQHPBN","comboOption":"rj4uWoAcieB"},{"indicator":"NuStM10-14","dataElement":"BEMK0jQHPBN","comboOption":"gdi5fII5DVo"},{"indicator":"NuStM15-19","dataElement":"BEMK0jQHPBN","comboOption":"g30sdtgU9rs"},{"indicator":"NuStM20-24","dataElement":"BEMK0jQHPBN","comboOption":"WYrRiJfo61g"},{"indicator":"NuStM25-49","dataElement":"BEMK0jQHPBN","comboOption":"zhsY2KmvVJ0"},{"indicator":"NuStatF1-4","dataElement":"BEMK0jQHPBN","comboOption":"qDwV6CaJdfv"},{"indicator":"NuStatF5-9","dataElement":"BEMK0jQHPBN","comboOption":"dFXSUYTaB9Q"},{"indicator":"NuStatF50","dataElement":"BEMK0jQHPBN","comboOption":"fEysh0uhwJp"},{"indicator":"NuStatFU1","dataElement":"BEMK0jQHPBN","comboOption":"U4UvMa7NCk4"},{"indicator":"NuStatM1-4","dataElement":"BEMK0jQHPBN","comboOption":"RqyNWFW8QhK"},{"indicator":"NuStatM5-9","dataElement":"BEMK0jQHPBN","comboOption":"xJcBXZbmoo2"},{"indicator":"NuStatM50","dataElement":"BEMK0jQHPBN","comboOption":"o53qoWTDhUA"},{"indicator":"NustatMU1","dataElement":"BEMK0jQHPBN","comboOption":"AfOkhdd6iHd"},{"indicator":"RestartAll","dataElement":"X2PAGRx7lhQ","comboOption":"tUiK0vIsDaX"},{"indicator":"SeenF1-4","dataElement":"uo9PCnvIUPN","comboOption":"qDwV6CaJdfv"},{"indicator":"SeenF10-14","dataElement":"uo9PCnvIUPN","comboOption":"xtPBQjEzCaq"},{"indicator":"SeenF15-19","dataElement":"uo9PCnvIUPN","comboOption":"hoG9C2uI0Xs"},{"indicator":"SeenF20-24","dataElement":"uo9PCnvIUPN","comboOption":"AxX6TVSmFq1"},{"indicator":"SeenF25-49","dataElement":"uo9PCnvIUPN","comboOption":"rj4uWoAcieB"},{"indicator":"SeenF5-9","dataElement":"uo9PCnvIUPN","comboOption":"dFXSUYTaB9Q"},{"indicator":"SeenF50","dataElement":"uo9PCnvIUPN","comboOption":"fEysh0uhwJp"},{"indicator":"SeenFU1","dataElement":"uo9PCnvIUPN","comboOption":"U4UvMa7NCk4"},{"indicator":"SeenM1-4","dataElement":"uo9PCnvIUPN","comboOption":"RqyNWFW8QhK"},{"indicator":"SeenM10-14","dataElement":"uo9PCnvIUPN","comboOption":"gdi5fII5DVo"},{"indicator":"SeenM15-19","dataElement":"uo9PCnvIUPN","comboOption":"g30sdtgU9rs"},{"indicator":"SeenM20-24","dataElement":"uo9PCnvIUPN","comboOption":"WYrRiJfo61g"},{"indicator":"SeenM25-49","dataElement":"uo9PCnvIUPN","comboOption":"zhsY2KmvVJ0"},{"indicator":"SeenM5-9","dataElement":"uo9PCnvIUPN","comboOption":"xJcBXZbmoo2"},{"indicator":"SeenM50","dataElement":"uo9PCnvIUPN","comboOption":"o53qoWTDhUA"},{"indicator":"SeenMU1","dataElement":"uo9PCnvIUPN","comboOption":"AfOkhdd6iHd"},{"indicator":"TranOutAll","dataElement":"bGVzqZLY64q","comboOption":"tUiK0vIsDaX"},{"indicator":"TransInAll","dataElement":"S1hpvaSwKjx","comboOption":"tUiK0vIsDaX"},{"indicator":"TxPrF15-19","dataElement":"emsyqv9XjW3","comboOption":"hoG9C2uI0Xs"},{"indicator":"TxPrF20-24","dataElement":"emsyqv9XjW3","comboOption":"AxX6TVSmFq1"},{"indicator":"TxPrF25-49","dataElement":"emsyqv9XjW3","comboOption":"rj4uWoAcieB"},{"indicator":"TxPrM10-14","dataElement":"emsyqv9XjW3","comboOption":"gdi5fII5DVo"},{"indicator":"TxPrM15-19","dataElement":"emsyqv9XjW3","comboOption":"g30sdtgU9rs"},{"indicator":"TxPrM20-24","dataElement":"emsyqv9XjW3","comboOption":"WYrRiJfo61g"},{"indicator":"TxPrM25-49","dataElement":"emsyqv9XjW3","comboOption":"zhsY2KmvVJ0"},{"indicator":"TxPreF1-4","dataElement":"emsyqv9XjW3","comboOption":"qDwV6CaJdfv"},{"indicator":"TxPreF5-9","dataElement":"emsyqv9XjW3","comboOption":"dFXSUYTaB9Q"},{"indicator":"TxPreF50","dataElement":"emsyqv9XjW3","comboOption":"fEysh0uhwJp"},{"indicator":"TxPreFU1","dataElement":"emsyqv9XjW3","comboOption":"U4UvMa7NCk4"},{"indicator":"TxPreM1-4","dataElement":"emsyqv9XjW3","comboOption":"RqyNWFW8QhK"},{"indicator":"TxPreM5-9","dataElement":"emsyqv9XjW3","comboOption":"xJcBXZbmoo2"},{"indicator":"TxPreM50","dataElement":"emsyqv9XjW3","comboOption":"o53qoWTDhUA"},{"indicator":"TxPreMU1","dataElement":"emsyqv9XjW3","comboOption":"AfOkhdd6iHd"},{"indicator":"TxprF10-14","dataElement":"emsyqv9XjW3","comboOption":"xtPBQjEzCaq"},{"indicator":"baseCD4All","dataElement":"N10f9p3cGdo","comboOption":"tUiK0vIsDaX"}]}