{"name":"ChangeInCD4","periodType":"Monthly","created":1540475035999,"dataSetUID":"T7Itp9TYm9j","periodIndicatorReportGUID":"233d30b8-2ee3-4742-aab9-7814ef2adbb1",
"elements":[
{"indicator":"1stSwich12","dataElement":"pCSimn7fBXh","comboOption":"VUe2C2NR4hX"},
{"indicator":"1stswitch6","dataElement":"pCSimn7fBXh","comboOption":"rLjmj8Badfz"},
{"indicator":"Dead12mts","dataElement":"F9biBj2kEAG","comboOption":"VUe2C2NR4hX"},
{"indicator":"Dead6mts","dataElement":"F9biBj2kEAG","comboOption":"rLjmj8Badfz"},
{"indicator":"TransOut12","dataElement":"bGVzqZLY64q","comboOption":"VUe2C2NR4hX"},
{"indicator":"TransOut6m","dataElement":"bGVzqZLY64q","comboOption":"rLjmj8Badfz"},
{"indicator":"basecd412m","dataElement":"Ig2OTMeCMBx","comboOption":"VUe2C2NR4hX"},
{"indicator":"basecd4_6m","dataElement":"Ig2OTMeCMBx","comboOption":"rLjmj8Badfz"},
{"indicator":"follow12mt","dataElement":"e8ZZ0tixY6r","comboOption":"VUe2C2NR4hX"},
{"indicator":"follow6mt","dataElement":"e8ZZ0tixY6r","comboOption":"rLjmj8Badfz"},
{"indicator":"lost12mts","dataElement":"UXH2l8X3f0u","comboOption":"VUe2C2NR4hX"},
{"indicator":"lost6mts","dataElement":"UXH2l8X3f0u","comboOption":"rLjmj8Badfz"},
{"indicator":"origin12mn","dataElement":"kOXpqqFakBD","comboOption":"VUe2C2NR4hX"},
{"indicator":"origin6mnt","dataElement":"kOXpqqFakBD","comboOption":"rLjmj8Badfz"},
{"indicator":"stil1st12m","dataElement":"SNpBH2KPXEo","comboOption":"VUe2C2NR4hX"},
{"indicator":"still1st6m","dataElement":"SNpBH2KPXEo","comboOption":"rLjmj8Badfz"},
{"indicator":"stopped12m","dataElement":"ODt5w14IUXN","comboOption":"VUe2C2NR4hX"},
{"indicator":"stopped6mt","dataElement":"ODt5w14IUXN","comboOption":"rLjmj8Badfz"},
{"indicator":"swich2nd12","dataElement":"vIJvqnya76B","comboOption":"VUe2C2NR4hX"},
{"indicator":"swich2nd6","dataElement":"vIJvqnya76B","comboOption":"rLjmj8Badfz"},
{"indicator":"transIn12m","dataElement":"S1hpvaSwKjx","comboOption":"VUe2C2NR4hX"},
{"indicator":"transIn6mn","dataElement":"S1hpvaSwKjx","comboOption":"rLjmj8Badfz"},
{"indicator":"viral12mts","dataElement":"KDoJncus5Cu","comboOption":"VUe2C2NR4hX"},
{"indicator":"viral6mts","dataElement":"KDoJncus5Cu","comboOption":"rLjmj8Badfz"}
]}