{"name":"Children_1stline_mapping","periodType":"Monthly","created":1591602719405,"dataSetUID":"ps5Yaez5cYL","periodIndicatorReportGUID":"5c59999d-0deb-486d-8f33-1374965a20de","elements":[{"indicator":"4L03to3.9","dataElement":"QqVeOfBbOlr","comboOption":"mPQoKHoKpE3"},{"indicator":"4L10to13.9","dataElement":"QqVeOfBbOlr","comboOption":"SF1ah36chuk"},{"indicator":"4L14to19.9","dataElement":"QqVeOfBbOlr","comboOption":"mxrT6vEtJof"},{"indicator":"4L20to24.9","dataElement":"QqVeOfBbOlr","comboOption":"Y9mjCBlX0qM"},{"indicator":"4L25to34.9","dataElement":"QqVeOfBbOlr","comboOption":"uT3QLbThgHo"},{"indicator":"4L4to5.9","dataElement":"QqVeOfBbOlr","comboOption":"Nu3y8NRbmmf"},{"indicator":"4L6to9.9","dataElement":"QqVeOfBbOlr","comboOption":"TWJNKrVCaa9"},{"indicator":"4c03to3.9","dataElement":"SFICqWM5bj3","comboOption":"mPQoKHoKpE3"},{"indicator":"4c10to13.9","dataElement":"SFICqWM5bj3","comboOption":"SF1ah36chuk"},{"indicator":"4c14to19.9","dataElement":"SFICqWM5bj3","comboOption":"mxrT6vEtJof"},{"indicator":"4c20to24.9","dataElement":"SFICqWM5bj3","comboOption":"Y9mjCBlX0qM"},{"indicator":"4c25to34.9","dataElement":"SFICqWM5bj3","comboOption":"uT3QLbThgHo"},{"indicator":"4c4to5.9","dataElement":"SFICqWM5bj3","comboOption":"Nu3y8NRbmmf"},{"indicator":"4c6to9.9","dataElement":"SFICqWM5bj3","comboOption":"TWJNKrVCaa9"},{"indicator":"4d0.3to3.9","dataElement":"fv47xAmohXH","comboOption":"mPQoKHoKpE3"},{"indicator":"4d10to13.9","dataElement":"fv47xAmohXH","comboOption":"SF1ah36chuk"},{"indicator":"4d14to19.9","dataElement":"fv47xAmohXH","comboOption":"mxrT6vEtJof"},{"indicator":"4d20to24.9","dataElement":"fv47xAmohXH","comboOption":"Y9mjCBlX0qM"},{"indicator":"4d25to34.9","dataElement":"fv47xAmohXH","comboOption":"uT3QLbThgHo"},{"indicator":"4d4to5.9","dataElement":"fv47xAmohXH","comboOption":"Nu3y8NRbmmf"},{"indicator":"4d6to9.9","dataElement":"fv47xAmohXH","comboOption":"TWJNKrVCaa9"},{"indicator":"4e0.3to3.9","dataElement":"vIcIatXw5SW","comboOption":"mPQoKHoKpE3"},{"indicator":"4e10to13.9","dataElement":"vIcIatXw5SW","comboOption":"SF1ah36chuk"},{"indicator":"4e14to19.9","dataElement":"vIcIatXw5SW","comboOption":"mxrT6vEtJof"},{"indicator":"4e20to24.9","dataElement":"vIcIatXw5SW","comboOption":"Y9mjCBlX0qM"},{"indicator":"4e25to34.9","dataElement":"vIcIatXw5SW","comboOption":"uT3QLbThgHo"},{"indicator":"4e4to5.9","dataElement":"vIcIatXw5SW","comboOption":"Nu3y8NRbmmf"},{"indicator":"4e6to9.9","dataElement":"vIcIatXw5SW","comboOption":"TWJNKrVCaa9"},{"indicator":"4f0.3to3.9","dataElement":"yuHbTd8SQZk","comboOption":"mPQoKHoKpE3"},{"indicator":"4f10to13.9","dataElement":"yuHbTd8SQZk","comboOption":"SF1ah36chuk"},{"indicator":"4f14to19.9","dataElement":"yuHbTd8SQZk","comboOption":"mxrT6vEtJof"},{"indicator":"4f20to24.9","dataElement":"yuHbTd8SQZk","comboOption":"Y9mjCBlX0qM"},{"indicator":"4f25to34.9","dataElement":"yuHbTd8SQZk","comboOption":"uT3QLbThgHo"},{"indicator":"4f4to5.9","dataElement":"yuHbTd8SQZk","comboOption":"Nu3y8NRbmmf"},{"indicator":"4f6to9.9","dataElement":"yuHbTd8SQZk","comboOption":"TWJNKrVCaa9"},{"indicator":"4g0.3to3.9","dataElement":"dl4wDu8kx9s","comboOption":"mPQoKHoKpE3"},{"indicator":"4g10to13.9","dataElement":"dl4wDu8kx9s","comboOption":"SF1ah36chuk"},{"indicator":"4g14to19.9","dataElement":"dl4wDu8kx9s","comboOption":"mxrT6vEtJof"},{"indicator":"4g20to24.9","dataElement":"dl4wDu8kx9s","comboOption":"Y9mjCBlX0qM"},{"indicator":"4g25to34.9","dataElement":"dl4wDu8kx9s","comboOption":"uT3QLbThgHo"},{"indicator":"4g4to5.9","dataElement":"dl4wDu8kx9s","comboOption":"Nu3y8NRbmmf"},{"indicator":"4g6to9.9","dataElement":"dl4wDu8kx9s","comboOption":"TWJNKrVCaa9"},{"indicator":"4h0.3to3.9","dataElement":"fi6fUO1GLQQ","comboOption":"mPQoKHoKpE3"},{"indicator":"4h10to13.9","dataElement":"fi6fUO1GLQQ","comboOption":"SF1ah36chuk"},{"indicator":"4h14to19.9","dataElement":"fi6fUO1GLQQ","comboOption":"mxrT6vEtJof"},{"indicator":"4h20to24.9","dataElement":"fi6fUO1GLQQ","comboOption":"Y9mjCBlX0qM"},{"indicator":"4h25to34.9","dataElement":"fi6fUO1GLQQ","comboOption":"uT3QLbThgHo"},{"indicator":"4h4to5.9","dataElement":"fi6fUO1GLQQ","comboOption":"Nu3y8NRbmmf"},{"indicator":"4h6to9.9","dataElement":"fi6fUO1GLQQ","comboOption":"TWJNKrVCaa9"},{"indicator":"4j0.3to3.9","dataElement":"sxpfGjBK7kZ","comboOption":"mPQoKHoKpE3"},{"indicator":"4j10to13.9","dataElement":"sxpfGjBK7kZ","comboOption":"SF1ah36chuk"},{"indicator":"4j14to19.9","dataElement":"sxpfGjBK7kZ","comboOption":"mxrT6vEtJof"},{"indicator":"4j20to24.9","dataElement":"sxpfGjBK7kZ","comboOption":"Y9mjCBlX0qM"},{"indicator":"4j25to34.9","dataElement":"sxpfGjBK7kZ","comboOption":"uT3QLbThgHo"},{"indicator":"4j4to5.9","dataElement":"sxpfGjBK7kZ","comboOption":"Nu3y8NRbmmf"},{"indicator":"4j6to9.9","dataElement":"sxpfGjBK7kZ","comboOption":"TWJNKrVCaa9"},{"indicator":"4k0.3to3.9","dataElement":"qGn92kNyG6A","comboOption":"mPQoKHoKpE3"},{"indicator":"4k10to13.9","dataElement":"qGn92kNyG6A","comboOption":"SF1ah36chuk"},{"indicator":"4k14to19.9","dataElement":"qGn92kNyG6A","comboOption":"mxrT6vEtJof"},{"indicator":"4k20to24.9","dataElement":"qGn92kNyG6A","comboOption":"Y9mjCBlX0qM"},{"indicator":"4k25to34.9","dataElement":"qGn92kNyG6A","comboOption":"uT3QLbThgHo"},{"indicator":"4k4to5.9","dataElement":"qGn92kNyG6A","comboOption":"Nu3y8NRbmmf"},{"indicator":"4k6to9.9","dataElement":"qGn92kNyG6A","comboOption":"TWJNKrVCaa9"}]}