{"name":"Children_3rdline_mapping","periodType":"Monthly","created":1591605747811,"dataSetUID":"ps5Yaez5cYL","periodIndicatorReportGUID":"9d941136-f608-44ab-b097-9e0b1f8f3a39","elements":[{"indicator":"6a10to13.9","dataElement":"lSrC9CpBqV3","comboOption":"SF1ah36chuk"},{"indicator":"6a14to19.9","dataElement":"lSrC9CpBqV3","comboOption":"mxrT6vEtJof"},{"indicator":"6a20to24.9","dataElement":"lSrC9CpBqV3","comboOption":"Y9mjCBlX0qM"},{"indicator":"6a25to34.9","dataElement":"lSrC9CpBqV3","comboOption":"uT3QLbThgHo"},{"indicator":"6a3to3.9","dataElement":"lSrC9CpBqV3","comboOption":"mPQoKHoKpE3"},{"indicator":"6a4to5.9","dataElement":"lSrC9CpBqV3","comboOption":"Nu3y8NRbmmf"},{"indicator":"6a6to9.9","dataElement":"lSrC9CpBqV3","comboOption":"TWJNKrVCaa9"},{"indicator":"6b10to13.9","dataElement":"Bpv9n2uB5aX","comboOption":"SF1ah36chuk"},{"indicator":"6b14to19.9","dataElement":"Bpv9n2uB5aX","comboOption":"mxrT6vEtJof"},{"indicator":"6b20to24.9","dataElement":"Bpv9n2uB5aX","comboOption":"Y9mjCBlX0qM"},{"indicator":"6b25to34.9","dataElement":"Bpv9n2uB5aX","comboOption":"uT3QLbThgHo"},{"indicator":"6b3to3.9","dataElement":"Bpv9n2uB5aX","comboOption":"mPQoKHoKpE3"},{"indicator":"6b4to5.9","dataElement":"Bpv9n2uB5aX","comboOption":"Nu3y8NRbmmf"},{"indicator":"6b6to9.9","dataElement":"Bpv9n2uB5aX","comboOption":"TWJNKrVCaa9"},{"indicator":"6c10to13.9","dataElement":"eLOlhCKSR5y","comboOption":"SF1ah36chuk"},{"indicator":"6c14to19.9","dataElement":"eLOlhCKSR5y","comboOption":"mxrT6vEtJof"},{"indicator":"6c20to24.9","dataElement":"eLOlhCKSR5y","comboOption":"Y9mjCBlX0qM"},{"indicator":"6c25to34.9","dataElement":"eLOlhCKSR5y","comboOption":"uT3QLbThgHo"},{"indicator":"6c3to3.9","dataElement":"eLOlhCKSR5y","comboOption":"mPQoKHoKpE3"},{"indicator":"6c4to5.9","dataElement":"eLOlhCKSR5y","comboOption":"Nu3y8NRbmmf"},{"indicator":"6c6to9.9","dataElement":"eLOlhCKSR5y","comboOption":"TWJNKrVCaa9"},{"indicator":"6d10to13.9","dataElement":"Evona4A3VYd","comboOption":"SF1ah36chuk"},{"indicator":"6d14to19.9","dataElement":"Evona4A3VYd","comboOption":"mxrT6vEtJof"},{"indicator":"6d20to24.9","dataElement":"Evona4A3VYd","comboOption":"Y9mjCBlX0qM"},{"indicator":"6d25to34.9","dataElement":"Evona4A3VYd","comboOption":"uT3QLbThgHo"},{"indicator":"6d3to3.9","dataElement":"Evona4A3VYd","comboOption":"mPQoKHoKpE3"},{"indicator":"6d4to5.9","dataElement":"Evona4A3VYd","comboOption":"Nu3y8NRbmmf"},{"indicator":"6d6to9.9","dataElement":"Evona4A3VYd","comboOption":"TWJNKrVCaa9"},{"indicator":"6e10to13.9","dataElement":"e0OsDZEtYnq","comboOption":"SF1ah36chuk"},{"indicator":"6e14to19.9","dataElement":"e0OsDZEtYnq","comboOption":"mxrT6vEtJof"},{"indicator":"6e20to24.9","dataElement":"e0OsDZEtYnq","comboOption":"Y9mjCBlX0qM"},{"indicator":"6e25to34.9","dataElement":"e0OsDZEtYnq","comboOption":"uT3QLbThgHo"},{"indicator":"6e3to3.9","dataElement":"e0OsDZEtYnq","comboOption":"mPQoKHoKpE3"},{"indicator":"6e4to5.9","dataElement":"e0OsDZEtYnq","comboOption":"Nu3y8NRbmmf"},{"indicator":"6e6to9.9","dataElement":"e0OsDZEtYnq","comboOption":"TWJNKrVCaa9"},{"indicator":"6f10to13.9","dataElement":"k1Lkok6QHiG","comboOption":"SF1ah36chuk"},{"indicator":"6f14to19.9","dataElement":"k1Lkok6QHiG","comboOption":"mxrT6vEtJof"},{"indicator":"6f20to24.9","dataElement":"k1Lkok6QHiG","comboOption":"Y9mjCBlX0qM"},{"indicator":"6f25to34.9","dataElement":"k1Lkok6QHiG","comboOption":"uT3QLbThgHo"},{"indicator":"6f3to3.9","dataElement":"k1Lkok6QHiG","comboOption":"mPQoKHoKpE3"},{"indicator":"6f4to5.9","dataElement":"k1Lkok6QHiG","comboOption":"Nu3y8NRbmmf"},{"indicator":"6f6to9.9","dataElement":"k1Lkok6QHiG","comboOption":"TWJNKrVCaa9"}]}