{"name":"Children_3rdline_mapping_2021","periodType":"Monthly","created":1614802193235,"dataSetUID":"ps5Yaez5cYL","periodIndicatorReportGUID":"80ef520c-2d58-473a-a588-58b182a4dbcb","elements":[{"indicator":"6a03to3.9","dataElement":"lSrC9CpBqV3","comboOption":"mPQoKHoKpE3"},{"indicator":"6a04to5.9","dataElement":"lSrC9CpBqV3","comboOption":"Nu3y8NRbmmf"},{"indicator":"6a06to9.9","dataElement":"lSrC9CpBqV3","comboOption":"TWJNKrVCaa9"},{"indicator":"6a10to13.9","dataElement":"lSrC9CpBqV3","comboOption":"SF1ah36chuk"},{"indicator":"6a14to19.9","dataElement":"lSrC9CpBqV3","comboOption":"mxrT6vEtJof"},{"indicator":"6a20to24.9","dataElement":"lSrC9CpBqV3","comboOption":"Y9mjCBlX0qM"},{"indicator":"6a25to34.9","dataElement":"lSrC9CpBqV3","comboOption":"uT3QLbThgHo"},{"indicator":"6a35kgPlus","dataElement":"lSrC9CpBqV3","comboOption":"J2nTJY1kBOe"},{"indicator":"6b00to3.9","dataElement":"Bpv9n2uB5aX","comboOption":"mPQoKHoKpE3"},{"indicator":"6b04to5.9","dataElement":"Bpv9n2uB5aX","comboOption":"Nu3y8NRbmmf"},{"indicator":"6b06to9.9","dataElement":"Bpv9n2uB5aX","comboOption":"TWJNKrVCaa9"},{"indicator":"6b10to13.9","dataElement":"Bpv9n2uB5aX","comboOption":"SF1ah36chuk"},{"indicator":"6b14to19.9","dataElement":"Bpv9n2uB5aX","comboOption":"mxrT6vEtJof"},{"indicator":"6b20to24.9","dataElement":"Bpv9n2uB5aX","comboOption":"Y9mjCBlX0qM"},{"indicator":"6b25to34.9","dataElement":"Bpv9n2uB5aX","comboOption":"uT3QLbThgHo"},{"indicator":"6b35kgPlus","dataElement":"Bpv9n2uB5aX","comboOption":"J2nTJY1kBOe"},{"indicator":"6c00to3.9","dataElement":"eLOlhCKSR5y","comboOption":"mPQoKHoKpE3"},{"indicator":"6c04to5.9","dataElement":"eLOlhCKSR5y","comboOption":"Nu3y8NRbmmf"},{"indicator":"6c06to9.9","dataElement":"eLOlhCKSR5y","comboOption":"TWJNKrVCaa9"},{"indicator":"6c10to13.9","dataElement":"eLOlhCKSR5y","comboOption":"SF1ah36chuk"},{"indicator":"6c14to19.9","dataElement":"eLOlhCKSR5y","comboOption":"mxrT6vEtJof"},{"indicator":"6c20to24.9","dataElement":"eLOlhCKSR5y","comboOption":"Y9mjCBlX0qM"},{"indicator":"6c25to34.9","dataElement":"eLOlhCKSR5y","comboOption":"uT3QLbThgHo"},{"indicator":"6c35kgPlus","dataElement":"eLOlhCKSR5y","comboOption":"J2nTJY1kBOe"},{"indicator":"6d00to3.9","dataElement":"Evona4A3VYd","comboOption":"mPQoKHoKpE3"},{"indicator":"6d04to5.9","dataElement":"Evona4A3VYd","comboOption":"Nu3y8NRbmmf"},{"indicator":"6d06to9.9","dataElement":"Evona4A3VYd","comboOption":"TWJNKrVCaa9"},{"indicator":"6d10to13.9","dataElement":"Evona4A3VYd","comboOption":"SF1ah36chuk"},{"indicator":"6d14to19.9","dataElement":"Evona4A3VYd","comboOption":"mxrT6vEtJof"},{"indicator":"6d20to24.9","dataElement":"Evona4A3VYd","comboOption":"Y9mjCBlX0qM"},{"indicator":"6d25to34.9","dataElement":"Evona4A3VYd","comboOption":"uT3QLbThgHo"},{"indicator":"6d35kgPlus","dataElement":"Evona4A3VYd","comboOption":"J2nTJY1kBOe"},{"indicator":"6e00to3.9","dataElement":"e0OsDZEtYnq","comboOption":"mPQoKHoKpE3"},{"indicator":"6e04to5.9","dataElement":"e0OsDZEtYnq","comboOption":"Nu3y8NRbmmf"},{"indicator":"6e06to9.9","dataElement":"e0OsDZEtYnq","comboOption":"TWJNKrVCaa9"},{"indicator":"6e10to13.9","dataElement":"e0OsDZEtYnq","comboOption":"SF1ah36chuk"},{"indicator":"6e14to19.9","dataElement":"e0OsDZEtYnq","comboOption":"mxrT6vEtJof"},{"indicator":"6e20to24.9","dataElement":"e0OsDZEtYnq","comboOption":"Y9mjCBlX0qM"},{"indicator":"6e25to34.9","dataElement":"e0OsDZEtYnq","comboOption":"uT3QLbThgHo"},{"indicator":"6e35kgPlus","dataElement":"e0OsDZEtYnq","comboOption":"J2nTJY1kBOe"},{"indicator":"6f00to3.9","dataElement":"k1Lkok6QHiG","comboOption":"mPQoKHoKpE3"},{"indicator":"6f04to5.9","dataElement":"k1Lkok6QHiG","comboOption":"Nu3y8NRbmmf"},{"indicator":"6f06to9.9","dataElement":"k1Lkok6QHiG","comboOption":"TWJNKrVCaa9"},{"indicator":"6f10to13.9","dataElement":"k1Lkok6QHiG","comboOption":"SF1ah36chuk"},{"indicator":"6f14to19.9","dataElement":"k1Lkok6QHiG","comboOption":"mxrT6vEtJof"},{"indicator":"6f20to24.9","dataElement":"k1Lkok6QHiG","comboOption":"Y9mjCBlX0qM"},{"indicator":"6f25to34.9","dataElement":"k1Lkok6QHiG","comboOption":"uT3QLbThgHo"},{"indicator":"6f35kgPlus","dataElement":"k1Lkok6QHiG","comboOption":"J2nTJY1kBOe"}]}