{"name":"Children_2ndline_mapping_2021","periodType":"Monthly","created":1614801414981,"dataSetUID":"ps5Yaez5cYL","periodIndicatorReportGUID":"05a35dc8-35a8-4594-9194-0d4b6dd486d0","elements":[{"indicator":"5a03to3.9","dataElement":"ctVH46atted","comboOption":"mPQoKHoKpE3"},{"indicator":"5a04to5.9","dataElement":"ctVH46atted","comboOption":"Nu3y8NRbmmf"},{"indicator":"5a06to9.9","dataElement":"ctVH46atted","comboOption":"TWJNKrVCaa9"},{"indicator":"5a10to13.9","dataElement":"ctVH46atted","comboOption":"SF1ah36chuk"},{"indicator":"5a14to19.9","dataElement":"ctVH46atted","comboOption":"mxrT6vEtJof"},{"indicator":"5a20to24.9","dataElement":"ctVH46atted","comboOption":"Y9mjCBlX0qM"},{"indicator":"5a25to34.9","dataElement":"ctVH46atted","comboOption":"uT3QLbThgHo"},{"indicator":"5a35Plus","dataElement":"ctVH46atted","comboOption":"J2nTJY1kBOe"},{"indicator":"5b03to3.9","dataElement":"fdjlhYvIo52","comboOption":"mPQoKHoKpE3"},{"indicator":"5b04to5.9","dataElement":"fdjlhYvIo52","comboOption":"Nu3y8NRbmmf"},{"indicator":"5b06to9.9","dataElement":"fdjlhYvIo52","comboOption":"TWJNKrVCaa9"},{"indicator":"5b10to13.9","dataElement":"fdjlhYvIo52","comboOption":"SF1ah36chuk"},{"indicator":"5b14to19.9","dataElement":"fdjlhYvIo52","comboOption":"mxrT6vEtJof"},{"indicator":"5b20to24.9","dataElement":"fdjlhYvIo52","comboOption":"Y9mjCBlX0qM"},{"indicator":"5b25to34.9","dataElement":"fdjlhYvIo52","comboOption":"uT3QLbThgHo"},{"indicator":"5b35Plus","dataElement":"fdjlhYvIo52","comboOption":"J2nTJY1kBOe"},{"indicator":"5c03to3.9","dataElement":"nA5APc3cXah","comboOption":"mPQoKHoKpE3"},{"indicator":"5c04to5.9","dataElement":"nA5APc3cXah","comboOption":"Nu3y8NRbmmf"},{"indicator":"5c06to9.9","dataElement":"nA5APc3cXah","comboOption":"TWJNKrVCaa9"},{"indicator":"5c10to13.9","dataElement":"nA5APc3cXah","comboOption":"SF1ah36chuk"},{"indicator":"5c14to19.9","dataElement":"nA5APc3cXah","comboOption":"mxrT6vEtJof"},{"indicator":"5c20to24.9","dataElement":"nA5APc3cXah","comboOption":"Y9mjCBlX0qM"},{"indicator":"5c25to34.9","dataElement":"nA5APc3cXah","comboOption":"uT3QLbThgHo"},{"indicator":"5cPlus","dataElement":"nA5APc3cXah","comboOption":"J2nTJY1kBOe"},{"indicator":"5d03to3.9","dataElement":"pRImanAxgJV","comboOption":"mPQoKHoKpE3"},{"indicator":"5d04to5.9","dataElement":"pRImanAxgJV","comboOption":"Nu3y8NRbmmf"},{"indicator":"5d06to9.9","dataElement":"pRImanAxgJV","comboOption":"TWJNKrVCaa9"},{"indicator":"5d10to13.9","dataElement":"pRImanAxgJV","comboOption":"SF1ah36chuk"},{"indicator":"5d14to19.9","dataElement":"pRImanAxgJV","comboOption":"mxrT6vEtJof"},{"indicator":"5d20to24.9","dataElement":"pRImanAxgJV","comboOption":"Y9mjCBlX0qM"},{"indicator":"5d25to34.9","dataElement":"pRImanAxgJV","comboOption":"uT3QLbThgHo"},{"indicator":"5d35Plus","dataElement":"pRImanAxgJV","comboOption":"J2nTJY1kBOe"},{"indicator":"5e03to3.9","dataElement":"H9U8sgvzpD4","comboOption":"mPQoKHoKpE3"},{"indicator":"5e04to5.9","dataElement":"H9U8sgvzpD4","comboOption":"Nu3y8NRbmmf"},{"indicator":"5e06to9.9","dataElement":"H9U8sgvzpD4","comboOption":"TWJNKrVCaa9"},{"indicator":"5e10to13.9","dataElement":"H9U8sgvzpD4","comboOption":"SF1ah36chuk"},{"indicator":"5e14to19.9","dataElement":"H9U8sgvzpD4","comboOption":"mxrT6vEtJof"},{"indicator":"5e20to24.9","dataElement":"H9U8sgvzpD4","comboOption":"Y9mjCBlX0qM"},{"indicator":"5e25to34.9","dataElement":"H9U8sgvzpD4","comboOption":"uT3QLbThgHo"},{"indicator":"5e35Plus","dataElement":"H9U8sgvzpD4","comboOption":"J2nTJY1kBOe"},{"indicator":"5f03to3.9","dataElement":"pJcDO1c9x1M","comboOption":"mPQoKHoKpE3"},{"indicator":"5f04to5.9","dataElement":"pJcDO1c9x1M","comboOption":"Nu3y8NRbmmf"},{"indicator":"5f06to9.9","dataElement":"pJcDO1c9x1M","comboOption":"TWJNKrVCaa9"},{"indicator":"5f10to13.9","dataElement":"pJcDO1c9x1M","comboOption":"SF1ah36chuk"},{"indicator":"5f14to19.9","dataElement":"pJcDO1c9x1M","comboOption":"mxrT6vEtJof"},{"indicator":"5f20to24.9","dataElement":"pJcDO1c9x1M","comboOption":"Y9mjCBlX0qM"},{"indicator":"5f25to34.9","dataElement":"pJcDO1c9x1M","comboOption":"uT3QLbThgHo"},{"indicator":"5f35Plus","dataElement":"pJcDO1c9x1M","comboOption":"J2nTJY1kBOe"},{"indicator":"5g00to3.9","dataElement":"se8ne49VPcx","comboOption":"mPQoKHoKpE3"},{"indicator":"5g04to5.9","dataElement":"se8ne49VPcx","comboOption":"Nu3y8NRbmmf"},{"indicator":"5g06to9.9","dataElement":"se8ne49VPcx","comboOption":"TWJNKrVCaa9"},{"indicator":"5g10to13.9","dataElement":"se8ne49VPcx","comboOption":"SF1ah36chuk"},{"indicator":"5g14to19.9","dataElement":"se8ne49VPcx","comboOption":"mxrT6vEtJof"},{"indicator":"5g20to24.9","dataElement":"se8ne49VPcx","comboOption":"Y9mjCBlX0qM"},{"indicator":"5g25to34.9","dataElement":"se8ne49VPcx","comboOption":"uT3QLbThgHo"},{"indicator":"5g35Plus","dataElement":"se8ne49VPcx","comboOption":"J2nTJY1kBOe"},{"indicator":"5h00to3.9","dataElement":"bkmHNKG5PfT","comboOption":"mPQoKHoKpE3"},{"indicator":"5h04to5.9","dataElement":"bkmHNKG5PfT","comboOption":"Nu3y8NRbmmf"},{"indicator":"5h06to9.9","dataElement":"bkmHNKG5PfT","comboOption":"TWJNKrVCaa9"},{"indicator":"5h10to13.9","dataElement":"bkmHNKG5PfT","comboOption":"SF1ah36chuk"},{"indicator":"5h14to19.9","dataElement":"bkmHNKG5PfT","comboOption":"mxrT6vEtJof"},{"indicator":"5h20to24.9","dataElement":"bkmHNKG5PfT","comboOption":"Y9mjCBlX0qM"},{"indicator":"5h25to34.9","dataElement":"bkmHNKG5PfT","comboOption":"uT3QLbThgHo"},{"indicator":"5h35Plus","dataElement":"bkmHNKG5PfT","comboOption":"J2nTJY1kBOe"}]}