{"name":"CITC_HTS_Index_Mapping","periodType":"Monthly","created":1633908910391,"dataSetUID":"bkBzJ3ETIBD","attributeOptionCombo":"UiRmRhAmkyO","periodIndicatorReportGUID":"dce22475-86fa-436c-9e0c-d1af120f9cf2","elements":[{"indicator":"NNegF1-4","dataElement":"tsVPADeBpHd","comboOption":"ECzZb31vkZz"},{"indicator":"NNegF10-14","dataElement":"tsVPADeBpHd","comboOption":"uoRyvrRjLbV"},{"indicator":"NNegF15-19","dataElement":"tsVPADeBpHd","comboOption":"nBKuskdEukr"},{"indicator":"NNegF20-24","dataElement":"tsVPADeBpHd","comboOption":"LVGKtvwvXYo"},{"indicator":"NNegF25-29","dataElement":"tsVPADeBpHd","comboOption":"agOPzlC9x9w"},{"indicator":"NNegF30-34","dataElement":"tsVPADeBpHd","comboOption":"NmZ05uu73h8"},{"indicator":"NNegF35-39","dataElement":"tsVPADeBpHd","comboOption":"p4F25qgZJM8"},{"indicator":"NNegF40-44","dataElement":"tsVPADeBpHd","comboOption":"oNEOO7LwRYS"},{"indicator":"NNegF45-49","dataElement":"tsVPADeBpHd","comboOption":"DweHMmPtrQa"},{"indicator":"NNegF5-9","dataElement":"tsVPADeBpHd","comboOption":"lVc7B90BbVe"},{"indicator":"NNegF50Plu","dataElement":"tsVPADeBpHd","comboOption":"ZlYy3J8RaGc"},{"indicator":"NNegF<1","dataElement":"tsVPADeBpHd","comboOption":"HQ32Sh73ntd"},{"indicator":"NNegM1-4","dataElement":"tsVPADeBpHd","comboOption":"vpNzywjjhN5"},{"indicator":"NNegM10-14","dataElement":"tsVPADeBpHd","comboOption":"YvRFZUrNQFV"},{"indicator":"NNegM15-19","dataElement":"tsVPADeBpHd","comboOption":"fb0t8Ufj6qu"},{"indicator":"NNegM20-24","dataElement":"tsVPADeBpHd","comboOption":"NrFvJFAzlvA"},{"indicator":"NNegM25-29","dataElement":"tsVPADeBpHd","comboOption":"wAjYYfFwY6l"},{"indicator":"NNegM30-34","dataElement":"tsVPADeBpHd","comboOption":"FBena58AQlu"},{"indicator":"NNegM35-39","dataElement":"tsVPADeBpHd","comboOption":"EdpdDB6Cv46"},{"indicator":"NNegM40-44","dataElement":"tsVPADeBpHd","comboOption":"dhNgxvmkaFp"},{"indicator":"NNegM45-49","dataElement":"tsVPADeBpHd","comboOption":"oHs69MjX6bs"},{"indicator":"NNegM5-9","dataElement":"tsVPADeBpHd","comboOption":"AINtNIgj9w9"},{"indicator":"NNegM50Plu","dataElement":"tsVPADeBpHd","comboOption":"PKXIiEknB8k"},{"indicator":"NNegM<1","dataElement":"tsVPADeBpHd","comboOption":"kozs1HvB9xO"},{"indicator":"NPosF1-4","dataElement":"tsVPADeBpHd","comboOption":"rTBsPQLK7Zm"},{"indicator":"NPosF10-14","dataElement":"tsVPADeBpHd","comboOption":"Dl0azU6CIaN"},{"indicator":"NPosF15-19","dataElement":"tsVPADeBpHd","comboOption":"XlGgWHa5Er0"},{"indicator":"NPosF20-24","dataElement":"tsVPADeBpHd","comboOption":"kuaIs6PmO6t"},{"indicator":"NPosF25-29","dataElement":"tsVPADeBpHd","comboOption":"yBiyPmKY8Ys"},{"indicator":"NPosF30-34","dataElement":"tsVPADeBpHd","comboOption":"ascYulb9hGt"},{"indicator":"NPosF35-39","dataElement":"tsVPADeBpHd","comboOption":"jy86glDoMLO"},{"indicator":"NPosF40-44","dataElement":"tsVPADeBpHd","comboOption":"hAyTxAXdvJd"},{"indicator":"NPosF45-49","dataElement":"tsVPADeBpHd","comboOption":"sDN7dWzFX89"},{"indicator":"NPosF5-9","dataElement":"tsVPADeBpHd","comboOption":"STpw8BQw7Qy"},{"indicator":"NPosF50Plu","dataElement":"tsVPADeBpHd","comboOption":"mt9SWhh1Cre"},{"indicator":"NPosF<1","dataElement":"tsVPADeBpHd","comboOption":"e3iIPP02AgZ"},{"indicator":"NPosM1-4","dataElement":"tsVPADeBpHd","comboOption":"ll3hrLhiwts"},{"indicator":"NPosM10-14","dataElement":"tsVPADeBpHd","comboOption":"Bm19rjxoiQo"},{"indicator":"NPosM15-19","dataElement":"tsVPADeBpHd","comboOption":"binVVrXjUoo"},{"indicator":"NPosM20-24","dataElement":"tsVPADeBpHd","comboOption":"dn857qxCLjI"},{"indicator":"NPosM25-29","dataElement":"tsVPADeBpHd","comboOption":"EfnRUWLUFgM"},{"indicator":"NPosM30-34","dataElement":"tsVPADeBpHd","comboOption":"e82ZBAX5mwf"},{"indicator":"NPosM35-39","dataElement":"tsVPADeBpHd","comboOption":"yX8Jw94a50t"},{"indicator":"NPosM40-44","dataElement":"tsVPADeBpHd","comboOption":"GLyrxm7RamK"},{"indicator":"NPosM45-49","dataElement":"tsVPADeBpHd","comboOption":"cICl8QRiG2M"},{"indicator":"NPosM5-9","dataElement":"tsVPADeBpHd","comboOption":"CYDyQCJW7p9"},{"indicator":"NPosM50Plu","dataElement":"tsVPADeBpHd","comboOption":"Q4lUeDf2r7z"},{"indicator":"NPosM<1","dataElement":"tsVPADeBpHd","comboOption":"YCIJMYpSOWJ"},{"indicator":"RNegF1-4","dataElement":"LO70PBYrBE9","comboOption":"ECzZb31vkZz"},{"indicator":"RNegF10-14","dataElement":"LO70PBYrBE9","comboOption":"uoRyvrRjLbV"},{"indicator":"RNegF15-19","dataElement":"LO70PBYrBE9","comboOption":"nBKuskdEukr"},{"indicator":"RNegF20-24","dataElement":"LO70PBYrBE9","comboOption":"LVGKtvwvXYo"},{"indicator":"RNegF25-29","dataElement":"LO70PBYrBE9","comboOption":"agOPzlC9x9w"},{"indicator":"RNegF30-34","dataElement":"LO70PBYrBE9","comboOption":"NmZ05uu73h8"},{"indicator":"RNegF35-39","dataElement":"LO70PBYrBE9","comboOption":"p4F25qgZJM8"},{"indicator":"RNegF40-44","dataElement":"LO70PBYrBE9","comboOption":"oNEOO7LwRYS"},{"indicator":"RNegF45-49","dataElement":"LO70PBYrBE9","comboOption":"DweHMmPtrQa"},{"indicator":"RNegF5-9","dataElement":"LO70PBYrBE9","comboOption":"lVc7B90BbVe"},{"indicator":"RNegF50Plu","dataElement":"LO70PBYrBE9","comboOption":"ZlYy3J8RaGc"},{"indicator":"RNegF<1","dataElement":"LO70PBYrBE9","comboOption":"HQ32Sh73ntd"},{"indicator":"RNegM1-4","dataElement":"LO70PBYrBE9","comboOption":"vpNzywjjhN5"},{"indicator":"RNegM10-14","dataElement":"LO70PBYrBE9","comboOption":"YvRFZUrNQFV"},{"indicator":"RNegM15-19","dataElement":"LO70PBYrBE9","comboOption":"fb0t8Ufj6qu"},{"indicator":"RNegM20-24","dataElement":"LO70PBYrBE9","comboOption":"NrFvJFAzlvA"},{"indicator":"RNegM25-29","dataElement":"LO70PBYrBE9","comboOption":"wAjYYfFwY6l"},{"indicator":"RNegM30-34","dataElement":"LO70PBYrBE9","comboOption":"FBena58AQlu"},{"indicator":"RNegM35-39","dataElement":"LO70PBYrBE9","comboOption":"EdpdDB6Cv46"},{"indicator":"RNegM40-44","dataElement":"LO70PBYrBE9","comboOption":"dhNgxvmkaFp"},{"indicator":"RNegM45-49","dataElement":"LO70PBYrBE9","comboOption":"oHs69MjX6bs"},{"indicator":"RNegM5-9","dataElement":"LO70PBYrBE9","comboOption":"AINtNIgj9w9"},{"indicator":"RNegM50Plu","dataElement":"LO70PBYrBE9","comboOption":"PKXIiEknB8k"},{"indicator":"RNegM<1","dataElement":"LO70PBYrBE9","comboOption":"kozs1HvB9xO"},{"indicator":"RPosF1-4","dataElement":"LO70PBYrBE9","comboOption":"rTBsPQLK7Zm"},{"indicator":"RPosF10-14","dataElement":"LO70PBYrBE9","comboOption":"Dl0azU6CIaN"},{"indicator":"RPosF15-19","dataElement":"LO70PBYrBE9","comboOption":"XlGgWHa5Er0"},{"indicator":"RPosF20-24","dataElement":"LO70PBYrBE9","comboOption":"kuaIs6PmO6t"},{"indicator":"RPosF25-29","dataElement":"LO70PBYrBE9","comboOption":"yBiyPmKY8Ys"},{"indicator":"RPosF30-34","dataElement":"LO70PBYrBE9","comboOption":"ascYulb9hGt"},{"indicator":"RPosF35-39","dataElement":"LO70PBYrBE9","comboOption":"jy86glDoMLO"},{"indicator":"RPosF40-44","dataElement":"LO70PBYrBE9","comboOption":"hAyTxAXdvJd"},{"indicator":"RPosF45-49","dataElement":"LO70PBYrBE9","comboOption":"sDN7dWzFX89"},{"indicator":"RPosF5-9","dataElement":"LO70PBYrBE9","comboOption":"STpw8BQw7Qy"},{"indicator":"RPosF50Plu","dataElement":"LO70PBYrBE9","comboOption":"mt9SWhh1Cre"},{"indicator":"RPosF<1","dataElement":"LO70PBYrBE9","comboOption":"e3iIPP02AgZ"},{"indicator":"RPosM1-4","dataElement":"LO70PBYrBE9","comboOption":"ll3hrLhiwts"},{"indicator":"RPosM10-14","dataElement":"LO70PBYrBE9","comboOption":"Bm19rjxoiQo"},{"indicator":"RPosM15-19","dataElement":"LO70PBYrBE9","comboOption":"binVVrXjUoo"},{"indicator":"RPosM20-24","dataElement":"LO70PBYrBE9","comboOption":"dn857qxCLjI"},{"indicator":"RPosM25-29","dataElement":"LO70PBYrBE9","comboOption":"EfnRUWLUFgM"},{"indicator":"RPosM30-34","dataElement":"LO70PBYrBE9","comboOption":"e82ZBAX5mwf"},{"indicator":"RPosM35-39","dataElement":"LO70PBYrBE9","comboOption":"yX8Jw94a50t"},{"indicator":"RPosM40-44","dataElement":"LO70PBYrBE9","comboOption":"GLyrxm7RamK"},{"indicator":"RPosM45-49","dataElement":"LO70PBYrBE9","comboOption":"cICl8QRiG2M"},{"indicator":"RPosM5-9","dataElement":"LO70PBYrBE9","comboOption":"CYDyQCJW7p9"},{"indicator":"RPosM50Plu","dataElement":"LO70PBYrBE9","comboOption":"Q4lUeDf2r7z"},{"indicator":"RPosM<1","dataElement":"LO70PBYrBE9","comboOption":"YCIJMYpSOWJ"}]}