{"name":"CITC_Mapping","periodType":"Monthly","created":1590500247278,"dataSetUID":"bkBzJ3ETIBD","periodIndicatorReportGUID":"87d3cf9f-40bc-4516-960e-03c17a6b6a09","elements":[{"indicator":"CInewNe14F","dataElement":"tsVPADeBpHd","comboOption":"uoRyvrRjLbV"},{"indicator":"CInewNe14M","dataElement":"tsVPADeBpHd","comboOption":"YvRFZUrNQFV"},{"indicator":"CInewNe19F","dataElement":"tsVPADeBpHd","comboOption":"nBKuskdEukr"},{"indicator":"CInewNe19M","dataElement":"tsVPADeBpHd","comboOption":"fb0t8Ufj6qu"},{"indicator":"CInewNe24F","dataElement":"tsVPADeBpHd","comboOption":"LVGKtvwvXYo"},{"indicator":"CInewNe24M","dataElement":"tsVPADeBpHd","comboOption":"NrFvJFAzlvA"},{"indicator":"CInewNe29F","dataElement":"tsVPADeBpHd","comboOption":"agOPzlC9x9w"},{"indicator":"CInewNe29M","dataElement":"tsVPADeBpHd","comboOption":"wAjYYfFwY6l"},{"indicator":"CInewNe34F","dataElement":"tsVPADeBpHd","comboOption":"NmZ05uu73h8"},{"indicator":"CInewNe34M","dataElement":"tsVPADeBpHd","comboOption":"FBena58AQlu"},{"indicator":"CInewNe39F","dataElement":"tsVPADeBpHd","comboOption":"p4F25qgZJM8"},{"indicator":"CInewNe39M","dataElement":"tsVPADeBpHd","comboOption":"EdpdDB6Cv46"},{"indicator":"CInewNe44F","dataElement":"tsVPADeBpHd","comboOption":"oNEOO7LwRYS"},{"indicator":"CInewNe44M","dataElement":"tsVPADeBpHd","comboOption":"dhNgxvmkaFp"},{"indicator":"CInewNe49F","dataElement":"tsVPADeBpHd","comboOption":"DweHMmPtrQa"},{"indicator":"CInewNe49M","dataElement":"tsVPADeBpHd","comboOption":"oHs69MjX6bs"},{"indicator":"CInewNe50F","dataElement":"tsVPADeBpHd","comboOption":"ZlYy3J8RaGc"},{"indicator":"CInewNe50M","dataElement":"tsVPADeBpHd","comboOption":"PKXIiEknB8k"},{"indicator":"CInewNeg1F","dataElement":"tsVPADeBpHd","comboOption":"HQ32Sh73ntd"},{"indicator":"CInewNeg1M","dataElement":"tsVPADeBpHd","comboOption":"kozs1HvB9xO"},{"indicator":"CInewNeg4F","dataElement":"tsVPADeBpHd","comboOption":"ECzZb31vkZz"},{"indicator":"CInewNeg4M","dataElement":"tsVPADeBpHd","comboOption":"vpNzywjjhN5"},{"indicator":"CInewNeg9F","dataElement":"tsVPADeBpHd","comboOption":"lVc7B90BbVe"},{"indicator":"CInewNeg9M","dataElement":"tsVPADeBpHd","comboOption":"AINtNIgj9w9"},{"indicator":"CInewPo14F","dataElement":"tsVPADeBpHd","comboOption":"Dl0azU6CIaN"},{"indicator":"CInewPo14M","dataElement":"tsVPADeBpHd","comboOption":"Bm19rjxoiQo"},{"indicator":"CInewPo19F","dataElement":"tsVPADeBpHd","comboOption":"XlGgWHa5Er0"},{"indicator":"CInewPo19M","dataElement":"tsVPADeBpHd","comboOption":"binVVrXjUoo"},{"indicator":"CInewPo24F","dataElement":"tsVPADeBpHd","comboOption":"kuaIs6PmO6t"},{"indicator":"CInewPo24M","dataElement":"tsVPADeBpHd","comboOption":"dn857qxCLjI"},{"indicator":"CInewPo29F","dataElement":"tsVPADeBpHd","comboOption":"yBiyPmKY8Ys"},{"indicator":"CInewPo29M","dataElement":"tsVPADeBpHd","comboOption":"EfnRUWLUFgM"},{"indicator":"CInewPo34F","dataElement":"tsVPADeBpHd","comboOption":"ascYulb9hGt"},{"indicator":"CInewPo34M","dataElement":"tsVPADeBpHd","comboOption":"e82ZBAX5mwf"},{"indicator":"CInewPo39F","dataElement":"tsVPADeBpHd","comboOption":"jy86glDoMLO"},{"indicator":"CInewPo39M","dataElement":"tsVPADeBpHd","comboOption":"yX8Jw94a50t"},{"indicator":"CInewPo44F","dataElement":"tsVPADeBpHd","comboOption":"hAyTxAXdvJd"},{"indicator":"CInewPo44M","dataElement":"tsVPADeBpHd","comboOption":"GLyrxm7RamK"},{"indicator":"CInewPo49F","dataElement":"tsVPADeBpHd","comboOption":"sDN7dWzFX89"},{"indicator":"CInewPo49M","dataElement":"tsVPADeBpHd","comboOption":"cICl8QRiG2M"},{"indicator":"CInewPo50F","dataElement":"tsVPADeBpHd","comboOption":"mt9SWhh1Cre"},{"indicator":"CInewPo50M","dataElement":"tsVPADeBpHd","comboOption":"Q4lUeDf2r7z"},{"indicator":"CInewPos1F","dataElement":"tsVPADeBpHd","comboOption":"e3iIPP02AgZ"},{"indicator":"CInewPos1M","dataElement":"tsVPADeBpHd","comboOption":"YCIJMYpSOWJ"},{"indicator":"CInewPos4F","dataElement":"tsVPADeBpHd","comboOption":"rTBsPQLK7Zm"},{"indicator":"CInewPos4M","dataElement":"tsVPADeBpHd","comboOption":"ll3hrLhiwts"},{"indicator":"CInewPos9F","dataElement":"tsVPADeBpHd","comboOption":"STpw8BQw7Qy"},{"indicator":"CInewPos9M","dataElement":"tsVPADeBpHd","comboOption":"CYDyQCJW7p9"},{"indicator":"CIrepNe14F","dataElement":"LO70PBYrBE9","comboOption":"uoRyvrRjLbV"},{"indicator":"CIrepNe14M","dataElement":"LO70PBYrBE9","comboOption":"YvRFZUrNQFV"},{"indicator":"CIrepNe19F","dataElement":"LO70PBYrBE9","comboOption":"nBKuskdEukr"},{"indicator":"CIrepNe19M","dataElement":"LO70PBYrBE9","comboOption":"fb0t8Ufj6qu"},{"indicator":"CIrepNe24F","dataElement":"LO70PBYrBE9","comboOption":"LVGKtvwvXYo"},{"indicator":"CIrepNe24M","dataElement":"LO70PBYrBE9","comboOption":"NrFvJFAzlvA"},{"indicator":"CIrepNe29F","dataElement":"LO70PBYrBE9","comboOption":"agOPzlC9x9w"},{"indicator":"CIrepNe29M","dataElement":"LO70PBYrBE9","comboOption":"wAjYYfFwY6l"},{"indicator":"CIrepNe34F","dataElement":"LO70PBYrBE9","comboOption":"NmZ05uu73h8"},{"indicator":"CIrepNe34M","dataElement":"LO70PBYrBE9","comboOption":"FBena58AQlu"},{"indicator":"CIrepNe39F","dataElement":"LO70PBYrBE9","comboOption":"p4F25qgZJM8"},{"indicator":"CIrepNe39M","dataElement":"LO70PBYrBE9","comboOption":"EdpdDB6Cv46"},{"indicator":"CIrepNe44F","dataElement":"LO70PBYrBE9","comboOption":"oNEOO7LwRYS"},{"indicator":"CIrepNe44M","dataElement":"LO70PBYrBE9","comboOption":"dhNgxvmkaFp"},{"indicator":"CIrepNe49F","dataElement":"LO70PBYrBE9","comboOption":"DweHMmPtrQa"},{"indicator":"CIrepNe49M","dataElement":"LO70PBYrBE9","comboOption":"oHs69MjX6bs"},{"indicator":"CIrepNe50F","dataElement":"LO70PBYrBE9","comboOption":"ZlYy3J8RaGc"},{"indicator":"CIrepNe50M","dataElement":"LO70PBYrBE9","comboOption":"PKXIiEknB8k"},{"indicator":"CIrepNeg1F","dataElement":"LO70PBYrBE9","comboOption":"HQ32Sh73ntd"},{"indicator":"CIrepNeg1M","dataElement":"LO70PBYrBE9","comboOption":"kozs1HvB9xO"},{"indicator":"CIrepNeg4F","dataElement":"LO70PBYrBE9","comboOption":"ECzZb31vkZz"},{"indicator":"CIrepNeg4M","dataElement":"LO70PBYrBE9","comboOption":"vpNzywjjhN5"},{"indicator":"CIrepNeg9F","dataElement":"LO70PBYrBE9","comboOption":"lVc7B90BbVe"},{"indicator":"CIrepNeg9M","dataElement":"LO70PBYrBE9","comboOption":"AINtNIgj9w9"},{"indicator":"CIrepPo14F","dataElement":"LO70PBYrBE9","comboOption":"Dl0azU6CIaN"},{"indicator":"CIrepPo14M","dataElement":"LO70PBYrBE9","comboOption":"Bm19rjxoiQo"},{"indicator":"CIrepPo19F","dataElement":"LO70PBYrBE9","comboOption":"XlGgWHa5Er0"},{"indicator":"CIrepPo19M","dataElement":"LO70PBYrBE9","comboOption":"binVVrXjUoo"},{"indicator":"CIrepPo24F","dataElement":"LO70PBYrBE9","comboOption":"kuaIs6PmO6t"},{"indicator":"CIrepPo24M","dataElement":"LO70PBYrBE9","comboOption":"dn857qxCLjI"},{"indicator":"CIrepPo29F","dataElement":"LO70PBYrBE9","comboOption":"yBiyPmKY8Ys"},{"indicator":"CIrepPo29M","dataElement":"LO70PBYrBE9","comboOption":"EfnRUWLUFgM"},{"indicator":"CIrepPo34F","dataElement":"LO70PBYrBE9","comboOption":"ascYulb9hGt"},{"indicator":"CIrepPo34M","dataElement":"LO70PBYrBE9","comboOption":"e82ZBAX5mwf"},{"indicator":"CIrepPo39F","dataElement":"LO70PBYrBE9","comboOption":"jy86glDoMLO"},{"indicator":"CIrepPo39M","dataElement":"LO70PBYrBE9","comboOption":"yX8Jw94a50t"},{"indicator":"CIrepPo44F","dataElement":"LO70PBYrBE9","comboOption":"hAyTxAXdvJd"},{"indicator":"CIrepPo44M","dataElement":"LO70PBYrBE9","comboOption":"GLyrxm7RamK"},{"indicator":"CIrepPo49F","dataElement":"LO70PBYrBE9","comboOption":"sDN7dWzFX89"},{"indicator":"CIrepPo49M","dataElement":"LO70PBYrBE9","comboOption":"cICl8QRiG2M"},{"indicator":"CIrepPo50F","dataElement":"LO70PBYrBE9","comboOption":"mt9SWhh1Cre"},{"indicator":"CIrepPo50M","dataElement":"LO70PBYrBE9","comboOption":"Q4lUeDf2r7z"},{"indicator":"CIrepPos1F","dataElement":"LO70PBYrBE9","comboOption":"e3iIPP02AgZ"},{"indicator":"CIrepPos1M","dataElement":"LO70PBYrBE9","comboOption":"YCIJMYpSOWJ"},{"indicator":"CIrepPos4F","dataElement":"LO70PBYrBE9","comboOption":"rTBsPQLK7Zm"},{"indicator":"CIrepPos4M","dataElement":"LO70PBYrBE9","comboOption":"ll3hrLhiwts"},{"indicator":"CIrepPos9F","dataElement":"LO70PBYrBE9","comboOption":"STpw8BQw7Qy"},{"indicator":"CIrepPos9M","dataElement":"LO70PBYrBE9","comboOption":"CYDyQCJW7p9"}]}