{"name":"CTX_Mapping_2020","periodType":"Monthly","created":1591607023486,"dataSetUID":"ps5Yaez5cYL","periodIndicatorReportGUID":"8dc80efd-3c35-4d1a-ad4e-5f9f26caeaf5","elements":[{"indicator":"CTX_F1-4","dataElement":"hzmim6AOgKv","comboOption":"azORoChO5GZ"},{"indicator":"CTX_F5-14","dataElement":"hzmim6AOgKv","comboOption":"Z7LThsUODoq"},{"indicator":"CTX_F<1","dataElement":"hzmim6AOgKv","comboOption":"a7KiQfukOv5"},{"indicator":"CTX_FAdult","dataElement":"hzmim6AOgKv","comboOption":"iEFWXqdhqg9"},{"indicator":"CTX_M1-4","dataElement":"hzmim6AOgKv","comboOption":"iP2X0W9vnxw"},{"indicator":"CTX_M5-14","dataElement":"hzmim6AOgKv","comboOption":"GP1NuAELSEp"},{"indicator":"CTX_M<1","dataElement":"hzmim6AOgKv","comboOption":"I3NCjLb4hSS"},{"indicator":"CTX_MAdult","dataElement":"hzmim6AOgKv","comboOption":"z12EITtQb34"}]}