{"name":"HIV CARE:Enrolled on PreART mapping","periodType":"Monthly","created":1596563359340,"dataSetUID":"ps5Yaez5cYL","periodIndicatorReportGUID":"825334cf-ea81-4d70-8166-4479b7656543","elements":[{"indicator":"EverF14","dataElement":"QYsfFBZx0iv","comboOption":"WBH8uUpt9Pj"},{"indicator":"EverF15","dataElement":"QYsfFBZx0iv","comboOption":"iEFWXqdhqg9"},{"indicator":"EverM14","dataElement":"QYsfFBZx0iv","comboOption":"gIRokZTOVff"},{"indicator":"EverM15","dataElement":"QYsfFBZx0iv","comboOption":"z12EITtQb34"},{"indicator":"PreF14","dataElement":"VvPljTKf5rf","comboOption":"WBH8uUpt9Pj"},{"indicator":"PreF15","dataElement":"VvPljTKf5rf","comboOption":"iEFWXqdhqg9"},{"indicator":"PreM14","dataElement":"VvPljTKf5rf","comboOption":"gIRokZTOVff"},{"indicator":"PreM15","dataElement":"VvPljTKf5rf","comboOption":"z12EITtQb34"}]}