{"name":"HTS_PIR_Mapping","periodType":"Monthly","created":1590501618741,"dataSetUID":"bkBzJ3ETIBD","periodIndicatorReportGUID":"dafef277-1393-484d-a947-936a507e03a1","elements":[{"indicator":"Confirm_N","dataElement":"vk8xW93Cm4K","comboOption":"ndi0J5GKwId"},{"indicator":"Confirm_P","dataElement":"vk8xW93Cm4K","comboOption":"IPrN94OW1SD"},{"indicator":"Couples","dataElement":"XatzAFRX2pJ","comboOption":"tUiK0vIsDaX"},{"indicator":"Discordant","dataElement":"HqIdrotGUGT","comboOption":"tUiK0vIsDaX"},{"indicator":"DistriCD_F","dataElement":"qwgCMBkUL5D","comboOption":"tUiK0vIsDaX"},{"indicator":"DistriCD_M","dataElement":"qwgCMBkUL5D","comboOption":"tUiK0vIsDaX"},{"indicator":"IND_result","dataElement":"vk8xW93Cm4K","comboOption":"zyqirkIlhus"},{"indicator":"Indetermin","dataElement":"Rxln9IBVGqn","comboOption":"tUiK0vIsDaX"},{"indicator":"Screened_F","dataElement":"pTy7poyPk3f","comboOption":"Y3jbGgZav4m"},{"indicator":"Screened_M","dataElement":"pTy7poyPk3f","comboOption":"yQOJlQWby7N"}]}