{"name":"Nutritional Supplement Mapping","periodType":"Monthly","created":1591610397024,"dataSetUID":"ps5Yaez5cYL","periodIndicatorReportGUID":"bb75a854-ddeb-4ce5-b822-f76dd8bf22ad","elements":[{"indicator":"F100FAdult","dataElement":"XZDUQ4eARGM","comboOption":"iEFWXqdhqg9"},{"indicator":"F100FChild","dataElement":"XZDUQ4eARGM","comboOption":"WBH8uUpt9Pj"},{"indicator":"F100MAdult","dataElement":"XZDUQ4eARGM","comboOption":"z12EITtQb34"},{"indicator":"F100MChild","dataElement":"XZDUQ4eARGM","comboOption":"gIRokZTOVff"},{"indicator":"F75FAdult","dataElement":"W0Iokwlb7Eb","comboOption":"iEFWXqdhqg9"},{"indicator":"F75FChild","dataElement":"W0Iokwlb7Eb","comboOption":"WBH8uUpt9Pj"},{"indicator":"F75MAdult","dataElement":"W0Iokwlb7Eb","comboOption":"z12EITtQb34"},{"indicator":"F75MChild","dataElement":"W0Iokwlb7Eb","comboOption":"gIRokZTOVff"},{"indicator":"OtherFAdul","dataElement":"zZ458qXHCeO","comboOption":"iEFWXqdhqg9"},{"indicator":"OtherFChil","dataElement":"zZ458qXHCeO","comboOption":"WBH8uUpt9Pj"},{"indicator":"OtherMAdul","dataElement":"zZ458qXHCeO","comboOption":"z12EITtQb34"},{"indicator":"OtherMChil","dataElement":"zZ458qXHCeO","comboOption":"gIRokZTOVff"},{"indicator":"PlumpFAdul","dataElement":"Z49zo2sYBI8","comboOption":"iEFWXqdhqg9"},{"indicator":"PlumpFChil","dataElement":"Z49zo2sYBI8","comboOption":"WBH8uUpt9Pj"},{"indicator":"PlumpMAdul","dataElement":"Z49zo2sYBI8","comboOption":"z12EITtQb34"},{"indicator":"PlumpMChil","dataElement":"Z49zo2sYBI8","comboOption":"gIRokZTOVff"},{"indicator":"cereal-F14","dataElement":"tQEb7MCgsZL","comboOption":"WBH8uUpt9Pj"},{"indicator":"cereal_F15","dataElement":"tQEb7MCgsZL","comboOption":"iEFWXqdhqg9"},{"indicator":"cereal-M14","dataElement":"tQEb7MCgsZL","comboOption":"gIRokZTOVff"},{"indicator":"cereal_M15","dataElement":"tQEb7MCgsZL","comboOption":"z12EITtQb34"}]}