{"name":"PIR-17 Tx_CURR Retention Report Mapping","periodType":"Quarterly","created":1632319815007,"dataSetUID":"iV0vD9F1270","periodIndicatorReportGUID":"7acdbe71-cb34-40fc-839e-ff902abd9aaa","elements":[{"indicator":"MMDF1-4","dataElement":"moYWPugJMTW","comboOption":"K5vi0FouUhk"},{"indicator":"MMDF10-14","dataElement":"moYWPugJMTW","comboOption":"H6gRO6Fk2z5"},{"indicator":"MMDF15-19","dataElement":"moYWPugJMTW","comboOption":"I06844kpruj"},{"indicator":"MMDF20-24","dataElement":"moYWPugJMTW","comboOption":"dnENZnNWDsn"},{"indicator":"MMDF25-29","dataElement":"moYWPugJMTW","comboOption":"dOp6s9tOpaQ"},{"indicator":"MMDF30-34","dataElement":"moYWPugJMTW","comboOption":"hDYiOpgnUmE"},{"indicator":"MMDF35-39","dataElement":"moYWPugJMTW","comboOption":"EAbeHR61ft1"},{"indicator":"MMDF40-44","dataElement":"moYWPugJMTW","comboOption":"nQrR1Zgq2gr"},{"indicator":"MMDF45-49","dataElement":"moYWPugJMTW","comboOption":"NTCqCfaP80J"},{"indicator":"MMDF5-9","dataElement":"moYWPugJMTW","comboOption":"Q4Firnf3ijf"},{"indicator":"MMDF50","dataElement":"moYWPugJMTW","comboOption":"yXvU2aw5wyC"},{"indicator":"MMDF<1yr","dataElement":"moYWPugJMTW","comboOption":"kUdV8RvgV5s"},{"indicator":"MMDM1-4","dataElement":"moYWPugJMTW","comboOption":"tcIRY6sRUwu"},{"indicator":"MMDM10-14","dataElement":"moYWPugJMTW","comboOption":"DV6o34zpIjv"},{"indicator":"MMDM15-19","dataElement":"moYWPugJMTW","comboOption":"vfLYjpOKUf6"},{"indicator":"MMDM20-24","dataElement":"moYWPugJMTW","comboOption":"oiMr7kc4xQ4"},{"indicator":"MMDM25-29","dataElement":"moYWPugJMTW","comboOption":"C6m6OCR7m6G"},{"indicator":"MMDM30-34","dataElement":"moYWPugJMTW","comboOption":"drpUCVywbI0"},{"indicator":"MMDM35-39","dataElement":"moYWPugJMTW","comboOption":"TnfsTY77mJy"},{"indicator":"MMDM40-44","dataElement":"moYWPugJMTW","comboOption":"RJSlhFTTNXI"},{"indicator":"MMDM45-49","dataElement":"moYWPugJMTW","comboOption":"Yg1cxATwSlO"},{"indicator":"MMDM5-9","dataElement":"moYWPugJMTW","comboOption":"RoJqHI8Mez4"},{"indicator":"MMDM50","dataElement":"moYWPugJMTW","comboOption":"mbz798qghl6"},{"indicator":"MMDM<1yr","dataElement":"moYWPugJMTW","comboOption":"CNcWYqvwPOl"},{"indicator":"SeenF1-4","dataElement":"GdbSIvqe2e2","comboOption":"K5vi0FouUhk"},{"indicator":"SeenF10-14","dataElement":"GdbSIvqe2e2","comboOption":"H6gRO6Fk2z5"},{"indicator":"SeenF15-19","dataElement":"GdbSIvqe2e2","comboOption":"I06844kpruj"},{"indicator":"SeenF20-24","dataElement":"GdbSIvqe2e2","comboOption":"dnENZnNWDsn"},{"indicator":"SeenF25-29","dataElement":"GdbSIvqe2e2","comboOption":"dOp6s9tOpaQ"},{"indicator":"SeenF30-34","dataElement":"GdbSIvqe2e2","comboOption":"hDYiOpgnUmE"},{"indicator":"SeenF35-39","dataElement":"GdbSIvqe2e2","comboOption":"EAbeHR61ft1"},{"indicator":"SeenF40-44","dataElement":"GdbSIvqe2e2","comboOption":"nQrR1Zgq2gr"},{"indicator":"SeenF45-49","dataElement":"GdbSIvqe2e2","comboOption":"NTCqCfaP80J"},{"indicator":"SeenF5-9","dataElement":"GdbSIvqe2e2","comboOption":"Q4Firnf3ijf"},{"indicator":"SeenF50","dataElement":"GdbSIvqe2e2","comboOption":"yXvU2aw5wyC"},{"indicator":"SeenF<1yr","dataElement":"GdbSIvqe2e2","comboOption":"kUdV8RvgV5s"},{"indicator":"SeenM1-4","dataElement":"GdbSIvqe2e2","comboOption":"tcIRY6sRUwu"},{"indicator":"SeenM10-14","dataElement":"GdbSIvqe2e2","comboOption":"DV6o34zpIjv"},{"indicator":"SeenM15-19","dataElement":"GdbSIvqe2e2","comboOption":"vfLYjpOKUf6"},{"indicator":"SeenM20-24","dataElement":"GdbSIvqe2e2","comboOption":"oiMr7kc4xQ4"},{"indicator":"SeenM25-29","dataElement":"GdbSIvqe2e2","comboOption":"C6m6OCR7m6G"},{"indicator":"SeenM30-34","dataElement":"GdbSIvqe2e2","comboOption":"drpUCVywbI0"},{"indicator":"SeenM35-39","dataElement":"GdbSIvqe2e2","comboOption":"TnfsTY77mJy"},{"indicator":"SeenM40-44","dataElement":"GdbSIvqe2e2","comboOption":"RJSlhFTTNXI"},{"indicator":"SeenM45-49","dataElement":"GdbSIvqe2e2","comboOption":"Yg1cxATwSlO"},{"indicator":"SeenM5-9","dataElement":"GdbSIvqe2e2","comboOption":"RoJqHI8Mez4"},{"indicator":"SeenM50","dataElement":"GdbSIvqe2e2","comboOption":"mbz798qghl6"},{"indicator":"SeenM<1yr","dataElement":"GdbSIvqe2e2","comboOption":"CNcWYqvwPOl"},{"indicator":"T/InF1-4","dataElement":"MYcvQ8QOeT5","comboOption":"K5vi0FouUhk"},{"indicator":"T/InF10-14","dataElement":"MYcvQ8QOeT5","comboOption":"H6gRO6Fk2z5"},{"indicator":"T/InF15-19","dataElement":"MYcvQ8QOeT5","comboOption":"I06844kpruj"},{"indicator":"T/InF20-24","dataElement":"MYcvQ8QOeT5","comboOption":"dnENZnNWDsn"},{"indicator":"T/InF25-29","dataElement":"MYcvQ8QOeT5","comboOption":"dOp6s9tOpaQ"},{"indicator":"T/InF30-34","dataElement":"MYcvQ8QOeT5","comboOption":"hDYiOpgnUmE"},{"indicator":"T/InF35-39","dataElement":"MYcvQ8QOeT5","comboOption":"EAbeHR61ft1"},{"indicator":"T/InF40-44","dataElement":"MYcvQ8QOeT5","comboOption":"nQrR1Zgq2gr"},{"indicator":"T/InF45-49","dataElement":"MYcvQ8QOeT5","comboOption":"NTCqCfaP80J"},{"indicator":"T/InF5-9","dataElement":"MYcvQ8QOeT5","comboOption":"Q4Firnf3ijf"},{"indicator":"T/InF50","dataElement":"MYcvQ8QOeT5","comboOption":"yXvU2aw5wyC"},{"indicator":"T/InF<1yr","dataElement":"MYcvQ8QOeT5","comboOption":"kUdV8RvgV5s"},{"indicator":"T/InM1-4","dataElement":"MYcvQ8QOeT5","comboOption":"tcIRY6sRUwu"},{"indicator":"T/InM10-14","dataElement":"MYcvQ8QOeT5","comboOption":"DV6o34zpIjv"},{"indicator":"T/InM15-19","dataElement":"MYcvQ8QOeT5","comboOption":"vfLYjpOKUf6"},{"indicator":"T/InM20-24","dataElement":"MYcvQ8QOeT5","comboOption":"oiMr7kc4xQ4"},{"indicator":"T/InM25-29","dataElement":"MYcvQ8QOeT5","comboOption":"C6m6OCR7m6G"},{"indicator":"T/InM30-34","dataElement":"MYcvQ8QOeT5","comboOption":"drpUCVywbI0"},{"indicator":"T/InM35-39","dataElement":"MYcvQ8QOeT5","comboOption":"TnfsTY77mJy"},{"indicator":"T/InM40-44","dataElement":"MYcvQ8QOeT5","comboOption":"RJSlhFTTNXI"},{"indicator":"T/InM45-49","dataElement":"MYcvQ8QOeT5","comboOption":"Yg1cxATwSlO"},{"indicator":"T/InM5-9","dataElement":"MYcvQ8QOeT5","comboOption":"RoJqHI8Mez4"},{"indicator":"T/InM50","dataElement":"MYcvQ8QOeT5","comboOption":"mbz798qghl6"},{"indicator":"T/InM<1yr","dataElement":"MYcvQ8QOeT5","comboOption":"CNcWYqvwPOl"},{"indicator":"TxRTTF1-4","dataElement":"z1Fg7uhbp2d","comboOption":"K5vi0FouUhk"},{"indicator":"TxRTTF10-1","dataElement":"z1Fg7uhbp2d","comboOption":"H6gRO6Fk2z5"},{"indicator":"TxRTTF15-1","dataElement":"z1Fg7uhbp2d","comboOption":"I06844kpruj"},{"indicator":"TxRTTF20-2","dataElement":"z1Fg7uhbp2d","comboOption":"dnENZnNWDsn"},{"indicator":"TxRTTF25-2","dataElement":"z1Fg7uhbp2d","comboOption":"dOp6s9tOpaQ"},{"indicator":"TxRTTF30-3","dataElement":"z1Fg7uhbp2d","comboOption":"hDYiOpgnUmE"},{"indicator":"TxRTTF35-3","dataElement":"z1Fg7uhbp2d","comboOption":"EAbeHR61ft1"},{"indicator":"TxRTTF40-4","dataElement":"z1Fg7uhbp2d","comboOption":"nQrR1Zgq2gr"},{"indicator":"TxRTTF45-4","dataElement":"z1Fg7uhbp2d","comboOption":"NTCqCfaP80J"},{"indicator":"TxRTTF5-9","dataElement":"z1Fg7uhbp2d","comboOption":"Q4Firnf3ijf"},{"indicator":"TxRTTF50","dataElement":"z1Fg7uhbp2d","comboOption":"yXvU2aw5wyC"},{"indicator":"TxRTTF<1yr","dataElement":"z1Fg7uhbp2d","comboOption":"kUdV8RvgV5s"},{"indicator":"TxRTTM1-4","dataElement":"z1Fg7uhbp2d","comboOption":"tcIRY6sRUwu"},{"indicator":"TxRTTM10-1","dataElement":"z1Fg7uhbp2d","comboOption":"DV6o34zpIjv"},{"indicator":"TxRTTM15-1","dataElement":"z1Fg7uhbp2d","comboOption":"vfLYjpOKUf6"},{"indicator":"TxRTTM20-2","dataElement":"z1Fg7uhbp2d","comboOption":"oiMr7kc4xQ4"},{"indicator":"TxRTTM25-2","dataElement":"z1Fg7uhbp2d","comboOption":"C6m6OCR7m6G"},{"indicator":"TxRTTM30-3","dataElement":"z1Fg7uhbp2d","comboOption":"drpUCVywbI0"},{"indicator":"TxRTTM35-3","dataElement":"z1Fg7uhbp2d","comboOption":"TnfsTY77mJy"},{"indicator":"TxRTTM40-4","dataElement":"z1Fg7uhbp2d","comboOption":"RJSlhFTTNXI"},{"indicator":"TxRTTM45-4","dataElement":"z1Fg7uhbp2d","comboOption":"Yg1cxATwSlO"},{"indicator":"TxRTTM5-9","dataElement":"z1Fg7uhbp2d","comboOption":"RoJqHI8Mez4"},{"indicator":"TxRTTM50","dataElement":"z1Fg7uhbp2d","comboOption":"mbz798qghl6"},{"indicator":"TxRTTM<1yr","dataElement":"z1Fg7uhbp2d","comboOption":"CNcWYqvwPOl"}]}