{"name":"PIR-17 Tx_CURR TXML_Mapping","periodType":"Quarterly","created":1634630102025,"dataSetUID":"iV0vD9F1270","periodIndicatorReportGUID":"a8849fa6-fe2a-4273-bd0b-c284635ed6c2","elements":[{"indicator":"DiedF1-4","dataElement":"bvv6UgDCyx2","comboOption":"Bpv79luWlAd"},{"indicator":"DiedF10-14","dataElement":"bvv6UgDCyx2","comboOption":"ob0oA8I0XSy"},{"indicator":"DiedF15-19","dataElement":"bvv6UgDCyx2","comboOption":"O2gVLxYtLqc"},{"indicator":"DiedF20-24","dataElement":"bvv6UgDCyx2","comboOption":"AJehyYtEWBx"},{"indicator":"DiedF25-29","dataElement":"bvv6UgDCyx2","comboOption":"MvTDGqWEe1r"},{"indicator":"DiedF30-34","dataElement":"bvv6UgDCyx2","comboOption":"lTirG1i279c"},{"indicator":"DiedF35-39","dataElement":"bvv6UgDCyx2","comboOption":"WDSmu51rpxU"},{"indicator":"DiedF40-44","dataElement":"bvv6UgDCyx2","comboOption":"fA9zw2Uq4YZ"},{"indicator":"DiedF45-49","dataElement":"bvv6UgDCyx2","comboOption":"sjK8ShLTDoq"},{"indicator":"DiedF5-9","dataElement":"bvv6UgDCyx2","comboOption":"QgT52KvQWZu"},{"indicator":"DiedF50Plu","dataElement":"bvv6UgDCyx2","comboOption":"kThPb847DQx"},{"indicator":"DiedF<1yr","dataElement":"bvv6UgDCyx2","comboOption":"XLM2f8DvCvw"},{"indicator":"DiedM1-4","dataElement":"bvv6UgDCyx2","comboOption":"YGwsgWKICn6"},{"indicator":"DiedM10-14","dataElement":"bvv6UgDCyx2","comboOption":"AZI0tg2DGBM"},{"indicator":"DiedM15-19","dataElement":"bvv6UgDCyx2","comboOption":"fbe2lVESfSU"},{"indicator":"DiedM20-24","dataElement":"bvv6UgDCyx2","comboOption":"iMmUC3SgJWu"},{"indicator":"DiedM25-29","dataElement":"bvv6UgDCyx2","comboOption":"BCHb8v8gjaA"},{"indicator":"DiedM30-34","dataElement":"bvv6UgDCyx2","comboOption":"xFb0yPfdMxP"},{"indicator":"DiedM35-39","dataElement":"bvv6UgDCyx2","comboOption":"yZdnnKsyjnD"},{"indicator":"DiedM40-44","dataElement":"bvv6UgDCyx2","comboOption":"k9EryDJANRa"},{"indicator":"DiedM45-49","dataElement":"bvv6UgDCyx2","comboOption":"NGl531j9idK"},{"indicator":"DiedM5-9","dataElement":"bvv6UgDCyx2","comboOption":"mrqfGclxzL5"},{"indicator":"DiedM50Plu","dataElement":"bvv6UgDCyx2","comboOption":"mpz9t4NaHrQ"},{"indicator":"DiedM<1yr","dataElement":"bvv6UgDCyx2","comboOption":"MjfDixHpJ4H"},{"indicator":"IIT<3F1-4","dataElement":"bvv6UgDCyx2","comboOption":"BkKUUxDxJ8L"},{"indicator":"IIT<3F10-1","dataElement":"bvv6UgDCyx2","comboOption":"YPQNjm4kUj3"},{"indicator":"IIT<3F15-1","dataElement":"bvv6UgDCyx2","comboOption":"nqs00wHBIoP"},{"indicator":"IIT<3F20-2","dataElement":"bvv6UgDCyx2","comboOption":"URRjXOdYwrP"},{"indicator":"IIT<3F25-2","dataElement":"bvv6UgDCyx2","comboOption":"FbpCASqOFmk"},{"indicator":"IIT<3F30-3","dataElement":"bvv6UgDCyx2","comboOption":"ixgdEEAHXrR"},{"indicator":"IIT<3F35-3","dataElement":"bvv6UgDCyx2","comboOption":"g37ONfX7fkV"},{"indicator":"IIT<3F40-4","dataElement":"bvv6UgDCyx2","comboOption":"Wfzn3qYQlco"},{"indicator":"IIT<3F45-4","dataElement":"bvv6UgDCyx2","comboOption":"lgF8FyC26xo"},{"indicator":"IIT<3F5-9","dataElement":"bvv6UgDCyx2","comboOption":"TJp6yUtL3or"},{"indicator":"IIT<3F50Pl","dataElement":"bvv6UgDCyx2","comboOption":"WElb8kiQNTi"},{"indicator":"IIT<3F<1yr","dataElement":"bvv6UgDCyx2","comboOption":"WC1nFVF6wv2"},{"indicator":"IIT<3M1-4","dataElement":"bvv6UgDCyx2","comboOption":"uCPqEFYO7Js"},{"indicator":"IIT<3M10-1","dataElement":"bvv6UgDCyx2","comboOption":"GaAVyi9Idov"},{"indicator":"IIT<3M15-1","dataElement":"bvv6UgDCyx2","comboOption":"rTNPVIRFuvH"},{"indicator":"IIT<3M20-2","dataElement":"bvv6UgDCyx2","comboOption":"LfKR77L6Dq4"},{"indicator":"IIT<3M25-2","dataElement":"bvv6UgDCyx2","comboOption":"XcMSMIsCWYj"},{"indicator":"IIT<3M30-3","dataElement":"bvv6UgDCyx2","comboOption":"aTdU3tNEz7V"},{"indicator":"IIT<3M35-3","dataElement":"bvv6UgDCyx2","comboOption":"EZ5rTjzSvpT"},{"indicator":"IIT<3M40-4","dataElement":"bvv6UgDCyx2","comboOption":"QDlqVJGcaHA"},{"indicator":"IIT<3M45-4","dataElement":"bvv6UgDCyx2","comboOption":"hzfZHCczaGc"},{"indicator":"IIT<3M5-9","dataElement":"bvv6UgDCyx2","comboOption":"Ww4dz5m3Zpf"},{"indicator":"IIT<3M50Pl","dataElement":"bvv6UgDCyx2","comboOption":"TA0TA7cyvfr"},{"indicator":"IIT<3M<1yr","dataElement":"bvv6UgDCyx2","comboOption":"wP6qiLUxIcz"},{"indicator":"IIT>3F1-4","dataElement":"bvv6UgDCyx2","comboOption":"JEFaeMkcCPW"},{"indicator":"IIT>3F10-1","dataElement":"bvv6UgDCyx2","comboOption":"Bzv9LoqQY1Q"},{"indicator":"IIT>3F15-1","dataElement":"bvv6UgDCyx2","comboOption":"o0ReWCNCMHX"},{"indicator":"IIT>3F20-2","dataElement":"bvv6UgDCyx2","comboOption":"VcGl6ZPW7SS"},{"indicator":"IIT>3F25-2","dataElement":"bvv6UgDCyx2","comboOption":"RPwaLV2aUWp"},{"indicator":"IIT>3F30-3","dataElement":"bvv6UgDCyx2","comboOption":"xXxVq5uPXnv"},{"indicator":"IIT>3F35-3","dataElement":"bvv6UgDCyx2","comboOption":"LoQNNI99nul"},{"indicator":"IIT>3F40-4","dataElement":"bvv6UgDCyx2","comboOption":"YiGztTK6B4A"},{"indicator":"IIT>3F45-4","dataElement":"bvv6UgDCyx2","comboOption":"BVwlEzKzEpq"},{"indicator":"IIT>3F5-9","dataElement":"bvv6UgDCyx2","comboOption":"IFTmL5fcZ8e"},{"indicator":"IIT>3F50Pl","dataElement":"bvv6UgDCyx2","comboOption":"LcDMynvNT2S"},{"indicator":"IIT>3F<1yr","dataElement":"bvv6UgDCyx2","comboOption":"pjNtzp4MOAE"},{"indicator":"IIT>3M1-4","dataElement":"bvv6UgDCyx2","comboOption":"hw7qgFFiyxH"},{"indicator":"IIT>3M10-1","dataElement":"bvv6UgDCyx2","comboOption":"kKvQdOhUNd7"},{"indicator":"IIT>3M15-1","dataElement":"bvv6UgDCyx2","comboOption":"RlsgVyxrTVr"},{"indicator":"IIT>3M20-2","dataElement":"bvv6UgDCyx2","comboOption":"o7eYn6vi0bi"},{"indicator":"IIT>3M25-2","dataElement":"bvv6UgDCyx2","comboOption":"O2YaZj23blv"},{"indicator":"IIT>3M30-3","dataElement":"bvv6UgDCyx2","comboOption":"lLuQTzXu2X4"},{"indicator":"IIT>3M35-3","dataElement":"bvv6UgDCyx2","comboOption":"ah9oJZzoluQ"},{"indicator":"IIT>3M40-4","dataElement":"bvv6UgDCyx2","comboOption":"uEGov3MWcwq"},{"indicator":"IIT>3M45-4","dataElement":"bvv6UgDCyx2","comboOption":"F1j44xHlvQp"},{"indicator":"IIT>3M5-9","dataElement":"bvv6UgDCyx2","comboOption":"ESgkfTBnAHi"},{"indicator":"IIT>3M50Pl","dataElement":"bvv6UgDCyx2","comboOption":"yaSa9TnZQRs"},{"indicator":"IIT>3M<1yr","dataElement":"bvv6UgDCyx2","comboOption":"GLY0jXyaZvW"},{"indicator":"StopF1-4","dataElement":"bvv6UgDCyx2","comboOption":"JhkLkOyFBDL"},{"indicator":"StopF10-14","dataElement":"bvv6UgDCyx2","comboOption":"yJnAPtLatBA"},{"indicator":"StopF15-19","dataElement":"bvv6UgDCyx2","comboOption":"OxJYM1yDAIC"},{"indicator":"StopF20-24","dataElement":"bvv6UgDCyx2","comboOption":"Yc3jQ0fNXrD"},{"indicator":"StopF25-29","dataElement":"bvv6UgDCyx2","comboOption":"nluEDE3kXOe"},{"indicator":"StopF30-34","dataElement":"bvv6UgDCyx2","comboOption":"gyuXrvYQC8f"},{"indicator":"StopF35-39","dataElement":"bvv6UgDCyx2","comboOption":"JmmFeMBc3qO"},{"indicator":"StopF40-44","dataElement":"bvv6UgDCyx2","comboOption":"FMRrLaMYFtV"},{"indicator":"StopF45-49","dataElement":"bvv6UgDCyx2","comboOption":"Xi9DvQ7Gjdf"},{"indicator":"StopF5-9","dataElement":"bvv6UgDCyx2","comboOption":"nsy2qammxYU"},{"indicator":"StopF50Plu","dataElement":"bvv6UgDCyx2","comboOption":"DGG9gVJJm36"},{"indicator":"StopF<1yr","dataElement":"bvv6UgDCyx2","comboOption":"XNrLauqxBkz"},{"indicator":"StopM1-4","dataElement":"bvv6UgDCyx2","comboOption":"IwER81wK277"},{"indicator":"StopM10-14","dataElement":"bvv6UgDCyx2","comboOption":"Q8qGaH6K6rV"},{"indicator":"StopM15-19","dataElement":"bvv6UgDCyx2","comboOption":"AmwPvbbHbfq"},{"indicator":"StopM20-24","dataElement":"bvv6UgDCyx2","comboOption":"kwhoBPTOQwp"},{"indicator":"StopM25-29","dataElement":"bvv6UgDCyx2","comboOption":"uLRSZ4XDni8"},{"indicator":"StopM30-34","dataElement":"bvv6UgDCyx2","comboOption":"xeQwCFEeGFm"},{"indicator":"StopM35-39","dataElement":"bvv6UgDCyx2","comboOption":"R4f36MGHEqu"},{"indicator":"StopM40-44","dataElement":"bvv6UgDCyx2","comboOption":"d485Li9wTTH"},{"indicator":"StopM45-49","dataElement":"bvv6UgDCyx2","comboOption":"ttRBecipuYx"},{"indicator":"StopM5-9","dataElement":"bvv6UgDCyx2","comboOption":"RLI19q4SaPF"},{"indicator":"StopM50Plu","dataElement":"bvv6UgDCyx2","comboOption":"yrZgOppuUjY"},{"indicator":"StopM<1yr","dataElement":"bvv6UgDCyx2","comboOption":"nrFa1DfN7Zg"},{"indicator":"TOutF1-4","dataElement":"bvv6UgDCyx2","comboOption":"lei7ImWavSh"},{"indicator":"TOutF10-14","dataElement":"bvv6UgDCyx2","comboOption":"s4yfAra3N7D"},{"indicator":"TOutF15-19","dataElement":"bvv6UgDCyx2","comboOption":"mp68VNzvC2T"},{"indicator":"TOutF20-24","dataElement":"bvv6UgDCyx2","comboOption":"QPCrXiRZdZb"},{"indicator":"TOutF25-29","dataElement":"bvv6UgDCyx2","comboOption":"HBMzB57iuns"},{"indicator":"TOutF30-34","dataElement":"bvv6UgDCyx2","comboOption":"xtCZxM2eORq"},{"indicator":"TOutF35-39","dataElement":"bvv6UgDCyx2","comboOption":"d9NIHCJGtM6"},{"indicator":"TOutF40-44","dataElement":"bvv6UgDCyx2","comboOption":"KEqTxgPlTkg"},{"indicator":"TOutF45-49","dataElement":"bvv6UgDCyx2","comboOption":"R5aOHxWShEs"},{"indicator":"TOutF5-9","dataElement":"bvv6UgDCyx2","comboOption":"B4X9iumg8Um"},{"indicator":"TOutF50Plu","dataElement":"bvv6UgDCyx2","comboOption":"qOZlYtVicHT"},{"indicator":"TOutF<1yr","dataElement":"bvv6UgDCyx2","comboOption":"D0T8OUh2lTH"},{"indicator":"TOutM1-4","dataElement":"bvv6UgDCyx2","comboOption":"pcWTFJmcLje"},{"indicator":"TOutM10-14","dataElement":"bvv6UgDCyx2","comboOption":"wqzwot0KXbc"},{"indicator":"TOutM15-19","dataElement":"bvv6UgDCyx2","comboOption":"L3dLp1hYswY"},{"indicator":"TOutM20-24","dataElement":"bvv6UgDCyx2","comboOption":"F3I2YSK8ZKv"},{"indicator":"TOutM25-29","dataElement":"bvv6UgDCyx2","comboOption":"EYDHRaV5UDR"},{"indicator":"TOutM30-34","dataElement":"bvv6UgDCyx2","comboOption":"OyMtBhRkHmK"},{"indicator":"TOutM35-39","dataElement":"bvv6UgDCyx2","comboOption":"FzUYn0V2CaI"},{"indicator":"TOutM40-44","dataElement":"bvv6UgDCyx2","comboOption":"K3hRNIwSdtx"},{"indicator":"TOutM45-49","dataElement":"bvv6UgDCyx2","comboOption":"A9pAxzENZAn"},{"indicator":"TOutM5-9","dataElement":"bvv6UgDCyx2","comboOption":"DvQJOOhMGxS"},{"indicator":"TOutM50PLu","dataElement":"bvv6UgDCyx2","comboOption":"Y7m8VOTnehF"},{"indicator":"TOutM<1yr","dataElement":"bvv6UgDCyx2","comboOption":"Q9BNanloOWE"}]}