{"name":"PIR09_Mappings","periodType":"Monthly","created":1533633195320,"dataSetUID":"T7Itp9TYm9j","periodIndicatorReportGUID":"b9e11bf1-144c-4412-a09e-910c14d3e92c","elements":[{"indicator":"Nutri2AduF","dataElement":"XZDUQ4eARGM","comboOption":"iEFWXqdhqg9"},{"indicator":"Nutri2AduM","dataElement":"XZDUQ4eARGM","comboOption":"z12EITtQb34"},{"indicator":"Nutri2ChiF","dataElement":"XZDUQ4eARGM","comboOption":"WBH8uUpt9Pj"},{"indicator":"Nutri2ChiM","dataElement":"XZDUQ4eARGM","comboOption":"gIRokZTOVff"},{"indicator":"Nutri3AduF","dataElement":"W0Iokwlb7Eb","comboOption":"iEFWXqdhqg9"},{"indicator":"Nutri3AduM","dataElement":"W0Iokwlb7Eb","comboOption":"z12EITtQb34"},{"indicator":"Nutri3ChiF","dataElement":"W0Iokwlb7Eb","comboOption":"WBH8uUpt9Pj"},{"indicator":"Nutri3ChiM","dataElement":"W0Iokwlb7Eb","comboOption":"gIRokZTOVff"},{"indicator":"Nutri4AduF","dataElement":"zZ458qXHCeO","comboOption":"iEFWXqdhqg9"},{"indicator":"Nutri4AduM","dataElement":"zZ458qXHCeO","comboOption":"z12EITtQb34"},{"indicator":"Nutri4ChiF","dataElement":"zZ458qXHCeO","comboOption":"WBH8uUpt9Pj"},{"indicator":"Nutri4ChiM","dataElement":"zZ458qXHCeO","comboOption":"gIRokZTOVff"},{"indicator":"NutriAduF","dataElement":"Z49zo2sYBI8","comboOption":"iEFWXqdhqg9"},{"indicator":"NutriAduM","dataElement":"Z49zo2sYBI8","comboOption":"z12EITtQb34"},{"indicator":"NutriChiF","dataElement":"Z49zo2sYBI8","comboOption":"WBH8uUpt9Pj"},{"indicator":"NutriChiM","dataElement":"Z49zo2sYBI8","comboOption":"gIRokZTOVff"}]}