{"name":"PITC_HTS_MCH_Mapping","periodType":"Monthly","created":1633822807633,"dataSetUID":"bkBzJ3ETIBD","attributeOptionCombo":"QLEU2hdFoy7","periodIndicatorReportGUID":"d946548e-a7f9-4115-bcd3-f78afdab092d","elements":[{"indicator":"NNegF1-4","dataElement":"ETYQ9xrOgCI","comboOption":"ECzZb31vkZz"},{"indicator":"NNegF10-14","dataElement":"ETYQ9xrOgCI","comboOption":"uoRyvrRjLbV"},{"indicator":"NNegF15-19","dataElement":"ETYQ9xrOgCI","comboOption":"nBKuskdEukr"},{"indicator":"NNegF20-24","dataElement":"ETYQ9xrOgCI","comboOption":"LVGKtvwvXYo"},{"indicator":"NNegF25-29","dataElement":"ETYQ9xrOgCI","comboOption":"agOPzlC9x9w"},{"indicator":"NNegF30-34","dataElement":"ETYQ9xrOgCI","comboOption":"NmZ05uu73h8"},{"indicator":"NNegF35-39","dataElement":"ETYQ9xrOgCI","comboOption":"p4F25qgZJM8"},{"indicator":"NNegF40-44","dataElement":"ETYQ9xrOgCI","comboOption":"oNEOO7LwRYS"},{"indicator":"NNegF45-49","dataElement":"ETYQ9xrOgCI","comboOption":"DweHMmPtrQa"},{"indicator":"NNegF5-9","dataElement":"ETYQ9xrOgCI","comboOption":"lVc7B90BbVe"},{"indicator":"NNegF50Plu","dataElement":"ETYQ9xrOgCI","comboOption":"ZlYy3J8RaGc"},{"indicator":"NNegF<1","dataElement":"ETYQ9xrOgCI","comboOption":"HQ32Sh73ntd"},{"indicator":"NNegM1-4","dataElement":"ETYQ9xrOgCI","comboOption":"vpNzywjjhN5"},{"indicator":"NNegM10-14","dataElement":"ETYQ9xrOgCI","comboOption":"YvRFZUrNQFV"},{"indicator":"NNegM15-19","dataElement":"ETYQ9xrOgCI","comboOption":"fb0t8Ufj6qu"},{"indicator":"NNegM20-24","dataElement":"ETYQ9xrOgCI","comboOption":"NrFvJFAzlvA"},{"indicator":"NNegM25-29","dataElement":"ETYQ9xrOgCI","comboOption":"wAjYYfFwY6l"},{"indicator":"NNegM30-34","dataElement":"ETYQ9xrOgCI","comboOption":"FBena58AQlu"},{"indicator":"NNegM35-39","dataElement":"ETYQ9xrOgCI","comboOption":"EdpdDB6Cv46"},{"indicator":"NNegM40-44","dataElement":"ETYQ9xrOgCI","comboOption":"dhNgxvmkaFp"},{"indicator":"NNegM45-49","dataElement":"ETYQ9xrOgCI","comboOption":"oHs69MjX6bs"},{"indicator":"NNegM5-9","dataElement":"ETYQ9xrOgCI","comboOption":"AINtNIgj9w9"},{"indicator":"NNegM50Plu","dataElement":"ETYQ9xrOgCI","comboOption":"PKXIiEknB8k"},{"indicator":"NNegM<1","dataElement":"ETYQ9xrOgCI","comboOption":"kozs1HvB9xO"},{"indicator":"NPosF1-4","dataElement":"ETYQ9xrOgCI","comboOption":"rTBsPQLK7Zm"},{"indicator":"NPosF10-14","dataElement":"ETYQ9xrOgCI","comboOption":"Dl0azU6CIaN"},{"indicator":"NPosF15-19","dataElement":"ETYQ9xrOgCI","comboOption":"XlGgWHa5Er0"},{"indicator":"NPosF20-24","dataElement":"ETYQ9xrOgCI","comboOption":"kuaIs6PmO6t"},{"indicator":"NPosF25-29","dataElement":"ETYQ9xrOgCI","comboOption":"yBiyPmKY8Ys"},{"indicator":"NPosF30-34","dataElement":"ETYQ9xrOgCI","comboOption":"ascYulb9hGt"},{"indicator":"NPosF35-39","dataElement":"ETYQ9xrOgCI","comboOption":"jy86glDoMLO"},{"indicator":"NPosF40-44","dataElement":"ETYQ9xrOgCI","comboOption":"hAyTxAXdvJd"},{"indicator":"NPosF45-49","dataElement":"ETYQ9xrOgCI","comboOption":"sDN7dWzFX89"},{"indicator":"NPosF5-9","dataElement":"ETYQ9xrOgCI","comboOption":"STpw8BQw7Qy"},{"indicator":"NPosF50Plu","dataElement":"ETYQ9xrOgCI","comboOption":"mt9SWhh1Cre"},{"indicator":"NPosF<1","dataElement":"ETYQ9xrOgCI","comboOption":"e3iIPP02AgZ"},{"indicator":"NPosM1-4","dataElement":"ETYQ9xrOgCI","comboOption":"ll3hrLhiwts"},{"indicator":"NPosM10-14","dataElement":"ETYQ9xrOgCI","comboOption":"Bm19rjxoiQo"},{"indicator":"NPosM15-19","dataElement":"ETYQ9xrOgCI","comboOption":"binVVrXjUoo"},{"indicator":"NPosM20-24","dataElement":"ETYQ9xrOgCI","comboOption":"dn857qxCLjI"},{"indicator":"NPosM25-29","dataElement":"ETYQ9xrOgCI","comboOption":"EfnRUWLUFgM"},{"indicator":"NPosM30-34","dataElement":"ETYQ9xrOgCI","comboOption":"e82ZBAX5mwf"},{"indicator":"NPosM35-39","dataElement":"ETYQ9xrOgCI","comboOption":"yX8Jw94a50t"},{"indicator":"NPosM40-44","dataElement":"ETYQ9xrOgCI","comboOption":"GLyrxm7RamK"},{"indicator":"NPosM45-49","dataElement":"ETYQ9xrOgCI","comboOption":"cICl8QRiG2M"},{"indicator":"NPosM5-9","dataElement":"ETYQ9xrOgCI","comboOption":"CYDyQCJW7p9"},{"indicator":"NPosM50Plu","dataElement":"ETYQ9xrOgCI","comboOption":"Q4lUeDf2r7z"},{"indicator":"NPosM<1","dataElement":"ETYQ9xrOgCI","comboOption":"YCIJMYpSOWJ"},{"indicator":"RNegF1-4","dataElement":"nqRDBjMvulW","comboOption":"ECzZb31vkZz"},{"indicator":"RNegF10-14","dataElement":"nqRDBjMvulW","comboOption":"uoRyvrRjLbV"},{"indicator":"RNegF15-19","dataElement":"nqRDBjMvulW","comboOption":"nBKuskdEukr"},{"indicator":"RNegF20-24","dataElement":"nqRDBjMvulW","comboOption":"LVGKtvwvXYo"},{"indicator":"RNegF25-29","dataElement":"nqRDBjMvulW","comboOption":"agOPzlC9x9w"},{"indicator":"RNegF30-34","dataElement":"nqRDBjMvulW","comboOption":"NmZ05uu73h8"},{"indicator":"RNegF35-39","dataElement":"nqRDBjMvulW","comboOption":"p4F25qgZJM8"},{"indicator":"RNegF40-44","dataElement":"nqRDBjMvulW","comboOption":"oNEOO7LwRYS"},{"indicator":"RNegF45-49","dataElement":"nqRDBjMvulW","comboOption":"DweHMmPtrQa"},{"indicator":"RNegF5-9","dataElement":"nqRDBjMvulW","comboOption":"lVc7B90BbVe"},{"indicator":"RNegF50Plu","dataElement":"nqRDBjMvulW","comboOption":"ZlYy3J8RaGc"},{"indicator":"RNegF<1","dataElement":"nqRDBjMvulW","comboOption":"HQ32Sh73ntd"},{"indicator":"RNegM1-4","dataElement":"nqRDBjMvulW","comboOption":"vpNzywjjhN5"},{"indicator":"RNegM10-14","dataElement":"nqRDBjMvulW","comboOption":"YvRFZUrNQFV"},{"indicator":"RNegM15-19","dataElement":"nqRDBjMvulW","comboOption":"fb0t8Ufj6qu"},{"indicator":"RNegM20-24","dataElement":"nqRDBjMvulW","comboOption":"NrFvJFAzlvA"},{"indicator":"RNegM25-29","dataElement":"nqRDBjMvulW","comboOption":"wAjYYfFwY6l"},{"indicator":"RNegM30-34","dataElement":"nqRDBjMvulW","comboOption":"FBena58AQlu"},{"indicator":"RNegM35-39","dataElement":"nqRDBjMvulW","comboOption":"EdpdDB6Cv46"},{"indicator":"RNegM40-44","dataElement":"nqRDBjMvulW","comboOption":"dhNgxvmkaFp"},{"indicator":"RNegM45-49","dataElement":"nqRDBjMvulW","comboOption":"oHs69MjX6bs"},{"indicator":"RNegM5-9","dataElement":"nqRDBjMvulW","comboOption":"AINtNIgj9w9"},{"indicator":"RNegM50Plu","dataElement":"nqRDBjMvulW","comboOption":"PKXIiEknB8k"},{"indicator":"RNegM<1","dataElement":"nqRDBjMvulW","comboOption":"kozs1HvB9xO"},{"indicator":"RPosF1-4","dataElement":"nqRDBjMvulW","comboOption":"rTBsPQLK7Zm"},{"indicator":"RPosF10-14","dataElement":"nqRDBjMvulW","comboOption":"Dl0azU6CIaN"},{"indicator":"RPosF15-19","dataElement":"nqRDBjMvulW","comboOption":"XlGgWHa5Er0"},{"indicator":"RPosF20-24","dataElement":"nqRDBjMvulW","comboOption":"kuaIs6PmO6t"},{"indicator":"RPosF25-29","dataElement":"nqRDBjMvulW","comboOption":"yBiyPmKY8Ys"},{"indicator":"RPosF30-34","dataElement":"nqRDBjMvulW","comboOption":"ascYulb9hGt"},{"indicator":"RPosF35-39","dataElement":"nqRDBjMvulW","comboOption":"jy86glDoMLO"},{"indicator":"RPosF40-44","dataElement":"nqRDBjMvulW","comboOption":"hAyTxAXdvJd"},{"indicator":"RPosF45-49","dataElement":"nqRDBjMvulW","comboOption":"sDN7dWzFX89"},{"indicator":"RPosF5-9","dataElement":"nqRDBjMvulW","comboOption":"STpw8BQw7Qy"},{"indicator":"RPosF50Plu","dataElement":"nqRDBjMvulW","comboOption":"mt9SWhh1Cre"},{"indicator":"RPosF<1","dataElement":"nqRDBjMvulW","comboOption":"e3iIPP02AgZ"},{"indicator":"RPosM1-4","dataElement":"nqRDBjMvulW","comboOption":"ll3hrLhiwts"},{"indicator":"RPosM10-14","dataElement":"nqRDBjMvulW","comboOption":"Bm19rjxoiQo"},{"indicator":"RPosM15-19","dataElement":"nqRDBjMvulW","comboOption":"binVVrXjUoo"},{"indicator":"RPosM20-24","dataElement":"nqRDBjMvulW","comboOption":"dn857qxCLjI"},{"indicator":"RPosM25-29","dataElement":"nqRDBjMvulW","comboOption":"EfnRUWLUFgM"},{"indicator":"RPosM30-34","dataElement":"nqRDBjMvulW","comboOption":"e82ZBAX5mwf"},{"indicator":"RPosM35-39","dataElement":"nqRDBjMvulW","comboOption":"yX8Jw94a50t"},{"indicator":"RPosM40-44","dataElement":"nqRDBjMvulW","comboOption":"GLyrxm7RamK"},{"indicator":"RPosM45-49","dataElement":"nqRDBjMvulW","comboOption":"cICl8QRiG2M"},{"indicator":"RPosM5-9","dataElement":"nqRDBjMvulW","comboOption":"CYDyQCJW7p9"},{"indicator":"RPosM50Plu","dataElement":"nqRDBjMvulW","comboOption":"Q4lUeDf2r7z"},{"indicator":"RPosM<1","dataElement":"nqRDBjMvulW","comboOption":"YCIJMYpSOWJ"}]}