{"name":"PITC_Mapping","periodType":"Monthly","created":1589226157577,"dataSetUID":"bkBzJ3ETIBD","periodIndicatorReportGUID":"6bca981c-5d78-4a63-84e4-9185ea3356e9","elements":[{"indicator":"PInewNe14F","dataElement":"ETYQ9xrOgCI","comboOption":"uoRyvrRjLbV"},{"indicator":"PInewNe14M","dataElement":"ETYQ9xrOgCI","comboOption":"YvRFZUrNQFV"},{"indicator":"PInewNe19F","dataElement":"ETYQ9xrOgCI","comboOption":"nBKuskdEukr"},{"indicator":"PInewNe19M","dataElement":"ETYQ9xrOgCI","comboOption":"fb0t8Ufj6qu"},{"indicator":"PInewNe24F","dataElement":"ETYQ9xrOgCI","comboOption":"LVGKtvwvXYo"},{"indicator":"PInewNe24M","dataElement":"ETYQ9xrOgCI","comboOption":"NrFvJFAzlvA"},{"indicator":"PInewNe29F","dataElement":"ETYQ9xrOgCI","comboOption":"agOPzlC9x9w"},{"indicator":"PInewNe29M","dataElement":"ETYQ9xrOgCI","comboOption":"wAjYYfFwY6l"},{"indicator":"PInewNe34F","dataElement":"ETYQ9xrOgCI","comboOption":"NmZ05uu73h8"},{"indicator":"PInewNe34M","dataElement":"ETYQ9xrOgCI","comboOption":"FBena58AQlu"},{"indicator":"PInewNe39F","dataElement":"ETYQ9xrOgCI","comboOption":"p4F25qgZJM8"},{"indicator":"PInewNe39M","dataElement":"ETYQ9xrOgCI","comboOption":"EdpdDB6Cv46"},{"indicator":"PInewNe44F","dataElement":"ETYQ9xrOgCI","comboOption":"oNEOO7LwRYS"},{"indicator":"PInewNe44M","dataElement":"ETYQ9xrOgCI","comboOption":"dhNgxvmkaFp"},{"indicator":"PInewNe49F","dataElement":"ETYQ9xrOgCI","comboOption":"DweHMmPtrQa"},{"indicator":"PInewNe49M","dataElement":"ETYQ9xrOgCI","comboOption":"oHs69MjX6bs"},{"indicator":"PInewNe50F","dataElement":"ETYQ9xrOgCI","comboOption":"ZlYy3J8RaGc"},{"indicator":"PInewNe50M","dataElement":"ETYQ9xrOgCI","comboOption":"PKXIiEknB8k"},{"indicator":"PInewNeg1F","dataElement":"ETYQ9xrOgCI","comboOption":"HQ32Sh73ntd"},{"indicator":"PInewNeg1M","dataElement":"ETYQ9xrOgCI","comboOption":"kozs1HvB9xO"},{"indicator":"PInewNeg4F","dataElement":"ETYQ9xrOgCI","comboOption":"ECzZb31vkZz"},{"indicator":"PInewNeg4M","dataElement":"ETYQ9xrOgCI","comboOption":"vpNzywjjhN5"},{"indicator":"PInewNeg9F","dataElement":"ETYQ9xrOgCI","comboOption":"lVc7B90BbVe"},{"indicator":"PInewNeg9M","dataElement":"ETYQ9xrOgCI","comboOption":"AINtNIgj9w9"},{"indicator":"PInewPo14F","dataElement":"ETYQ9xrOgCI","comboOption":"Dl0azU6CIaN"},{"indicator":"PInewPo14M","dataElement":"ETYQ9xrOgCI","comboOption":"Bm19rjxoiQo"},{"indicator":"PInewPo19F","dataElement":"ETYQ9xrOgCI","comboOption":"XlGgWHa5Er0"},{"indicator":"PInewPo19M","dataElement":"ETYQ9xrOgCI","comboOption":"binVVrXjUoo"},{"indicator":"PInewPo24F","dataElement":"ETYQ9xrOgCI","comboOption":"kuaIs6PmO6t"},{"indicator":"PInewPo24M","dataElement":"ETYQ9xrOgCI","comboOption":"dn857qxCLjI"},{"indicator":"PInewPo29F","dataElement":"ETYQ9xrOgCI","comboOption":"yBiyPmKY8Ys"},{"indicator":"PInewPo29M","dataElement":"ETYQ9xrOgCI","comboOption":"EfnRUWLUFgM"},{"indicator":"PInewPo34F","dataElement":"ETYQ9xrOgCI","comboOption":"ascYulb9hGt"},{"indicator":"PInewPo34M","dataElement":"ETYQ9xrOgCI","comboOption":"e82ZBAX5mwf"},{"indicator":"PInewPo39F","dataElement":"ETYQ9xrOgCI","comboOption":"jy86glDoMLO"},{"indicator":"PInewPo39M","dataElement":"ETYQ9xrOgCI","comboOption":"yX8Jw94a50t"},{"indicator":"PInewPo44F","dataElement":"ETYQ9xrOgCI","comboOption":"hAyTxAXdvJd"},{"indicator":"PInewPo44M","dataElement":"ETYQ9xrOgCI","comboOption":"GLyrxm7RamK"},{"indicator":"PInewPo49F","dataElement":"ETYQ9xrOgCI","comboOption":"sDN7dWzFX89"},{"indicator":"PInewPo49M","dataElement":"ETYQ9xrOgCI","comboOption":"cICl8QRiG2M"},{"indicator":"PInewPo50F","dataElement":"ETYQ9xrOgCI","comboOption":"mt9SWhh1Cre"},{"indicator":"PInewPo50M","dataElement":"ETYQ9xrOgCI","comboOption":"Q4lUeDf2r7z"},{"indicator":"PInewPos1F","dataElement":"ETYQ9xrOgCI","comboOption":"e3iIPP02AgZ"},{"indicator":"PInewPos1M","dataElement":"ETYQ9xrOgCI","comboOption":"YCIJMYpSOWJ"},{"indicator":"PInewPos4F","dataElement":"ETYQ9xrOgCI","comboOption":"rTBsPQLK7Zm"},{"indicator":"PInewPos4M","dataElement":"ETYQ9xrOgCI","comboOption":"ll3hrLhiwts"},{"indicator":"PInewPos9F","dataElement":"ETYQ9xrOgCI","comboOption":"STpw8BQw7Qy"},{"indicator":"PInewPos9M","dataElement":"ETYQ9xrOgCI","comboOption":"CYDyQCJW7p9"},{"indicator":"PIrepNe14F","dataElement":"nqRDBjMvulW","comboOption":"uoRyvrRjLbV"},{"indicator":"PIrepNe14M","dataElement":"nqRDBjMvulW","comboOption":"YvRFZUrNQFV"},{"indicator":"PIrepNe19F","dataElement":"nqRDBjMvulW","comboOption":"nBKuskdEukr"},{"indicator":"PIrepNe19M","dataElement":"nqRDBjMvulW","comboOption":"fb0t8Ufj6qu"},{"indicator":"PIrepNe24F","dataElement":"nqRDBjMvulW","comboOption":"LVGKtvwvXYo"},{"indicator":"PIrepNe24M","dataElement":"nqRDBjMvulW","comboOption":"NrFvJFAzlvA"},{"indicator":"PIrepNe29F","dataElement":"nqRDBjMvulW","comboOption":"agOPzlC9x9w"},{"indicator":"PIrepNe29M","dataElement":"nqRDBjMvulW","comboOption":"wAjYYfFwY6l"},{"indicator":"PIrepNe34F","dataElement":"nqRDBjMvulW","comboOption":"NmZ05uu73h8"},{"indicator":"PIrepNe34M","dataElement":"nqRDBjMvulW","comboOption":"FBena58AQlu"},{"indicator":"PIrepNe39F","dataElement":"nqRDBjMvulW","comboOption":"p4F25qgZJM8"},{"indicator":"PIrepNe39M","dataElement":"nqRDBjMvulW","comboOption":"EdpdDB6Cv46"},{"indicator":"PIrepNe44F","dataElement":"nqRDBjMvulW","comboOption":"oNEOO7LwRYS"},{"indicator":"PIrepNe44M","dataElement":"nqRDBjMvulW","comboOption":"dhNgxvmkaFp"},{"indicator":"PIrepNe49F","dataElement":"nqRDBjMvulW","comboOption":"DweHMmPtrQa"},{"indicator":"PIrepNe49M","dataElement":"nqRDBjMvulW","comboOption":"oHs69MjX6bs"},{"indicator":"PIrepNe50F","dataElement":"nqRDBjMvulW","comboOption":"ZlYy3J8RaGc"},{"indicator":"PIrepNe50M","dataElement":"nqRDBjMvulW","comboOption":"PKXIiEknB8k"},{"indicator":"PIrepNeg1F","dataElement":"nqRDBjMvulW","comboOption":"HQ32Sh73ntd"},{"indicator":"PIrepNeg1M","dataElement":"nqRDBjMvulW","comboOption":"kozs1HvB9xO"},{"indicator":"PIrepNeg4F","dataElement":"nqRDBjMvulW","comboOption":"ECzZb31vkZz"},{"indicator":"PIrepNeg4M","dataElement":"nqRDBjMvulW","comboOption":"vpNzywjjhN5"},{"indicator":"PIrepNeg9F","dataElement":"nqRDBjMvulW","comboOption":"lVc7B90BbVe"},{"indicator":"PIrepNeg9M","dataElement":"nqRDBjMvulW","comboOption":"AINtNIgj9w9"},{"indicator":"PIrepPo14F","dataElement":"nqRDBjMvulW","comboOption":"Dl0azU6CIaN"},{"indicator":"PIrepPo14M","dataElement":"nqRDBjMvulW","comboOption":"Bm19rjxoiQo"},{"indicator":"PIrepPo19F","dataElement":"nqRDBjMvulW","comboOption":"XlGgWHa5Er0"},{"indicator":"PIrepPo19M","dataElement":"nqRDBjMvulW","comboOption":"binVVrXjUoo"},{"indicator":"PIrepPo24F","dataElement":"nqRDBjMvulW","comboOption":"kuaIs6PmO6t"},{"indicator":"PIrepPo24M","dataElement":"nqRDBjMvulW","comboOption":"dn857qxCLjI"},{"indicator":"PIrepPo29F","dataElement":"nqRDBjMvulW","comboOption":"yBiyPmKY8Ys"},{"indicator":"PIrepPo29M","dataElement":"nqRDBjMvulW","comboOption":"EfnRUWLUFgM"},{"indicator":"PIrepPo34F","dataElement":"nqRDBjMvulW","comboOption":"ascYulb9hGt"},{"indicator":"PIrepPo34M","dataElement":"nqRDBjMvulW","comboOption":"e82ZBAX5mwf"},{"indicator":"PIrepPo39F","dataElement":"nqRDBjMvulW","comboOption":"jy86glDoMLO"},{"indicator":"PIrepPo39M","dataElement":"nqRDBjMvulW","comboOption":"yX8Jw94a50t"},{"indicator":"PIrepPo44F","dataElement":"nqRDBjMvulW","comboOption":"hAyTxAXdvJd"},{"indicator":"PIrepPo44M","dataElement":"nqRDBjMvulW","comboOption":"GLyrxm7RamK"},{"indicator":"PIrepPo49F","dataElement":"nqRDBjMvulW","comboOption":"sDN7dWzFX89"},{"indicator":"PIrepPo49M","dataElement":"nqRDBjMvulW","comboOption":"cICl8QRiG2M"},{"indicator":"PIrepPo50F","dataElement":"nqRDBjMvulW","comboOption":"mt9SWhh1Cre"},{"indicator":"PIrepPo50M","dataElement":"nqRDBjMvulW","comboOption":"Q4lUeDf2r7z"},{"indicator":"PIrepPos1F","dataElement":"nqRDBjMvulW","comboOption":"e3iIPP02AgZ"},{"indicator":"PIrepPos1M","dataElement":"nqRDBjMvulW","comboOption":"YCIJMYpSOWJ"},{"indicator":"PIrepPos4F","dataElement":"nqRDBjMvulW","comboOption":"rTBsPQLK7Zm"},{"indicator":"PIrepPos4M","dataElement":"nqRDBjMvulW","comboOption":"ll3hrLhiwts"},{"indicator":"PIrepPos9F","dataElement":"nqRDBjMvulW","comboOption":"STpw8BQw7Qy"},{"indicator":"PIrepPos9M","dataElement":"nqRDBjMvulW","comboOption":"CYDyQCJW7p9"}]}