{"name":"TB Screening Among HIV Clients mapping","periodType":"Monthly","created":1596564100067,"dataSetUID":"ps5Yaez5cYL","periodIndicatorReportGUID":"5f5679ca-795d-434b-a3e0-354fec02f6e8","elements":[{"indicator":"TBCaseAdF","dataElement":"Ich4yKGtogF","comboOption":"iEFWXqdhqg9"},{"indicator":"TBCaseAdM","dataElement":"Ich4yKGtogF","comboOption":"z12EITtQb34"},{"indicator":"TBCaseChF","dataElement":"Ich4yKGtogF","comboOption":"WBH8uUpt9Pj"},{"indicator":"TBCaseChM","dataElement":"Ich4yKGtogF","comboOption":"gIRokZTOVff"},{"indicator":"TBTreatAdF","dataElement":"BBMSsL3eXbc","comboOption":"iEFWXqdhqg9"},{"indicator":"TBTreatAdM","dataElement":"BBMSsL3eXbc","comboOption":"z12EITtQb34"},{"indicator":"TBTreatChF","dataElement":"BBMSsL3eXbc","comboOption":"WBH8uUpt9Pj"},{"indicator":"TBTreatChM","dataElement":"BBMSsL3eXbc","comboOption":"gIRokZTOVff"},{"indicator":"screen14F","dataElement":"KqqV0mqiW4J","comboOption":"WBH8uUpt9Pj"},{"indicator":"screen14M","dataElement":"KqqV0mqiW4J","comboOption":"gIRokZTOVff"},{"indicator":"screen15+F","dataElement":"KqqV0mqiW4J","comboOption":"iEFWXqdhqg9"},{"indicator":"screen15+M","dataElement":"KqqV0mqiW4J","comboOption":"z12EITtQb34"},{"indicator":"seen14F","dataElement":"ENu4gYGSB17","comboOption":"WBH8uUpt9Pj"},{"indicator":"seen14M","dataElement":"ENu4gYGSB17","comboOption":"gIRokZTOVff"},{"indicator":"seen15+F","dataElement":"ENu4gYGSB17","comboOption":"iEFWXqdhqg9"},{"indicator":"seen15+M","dataElement":"ENu4gYGSB17","comboOption":"z12EITtQb34"},{"indicator":"start14F","dataElement":"BBMSsL3eXbc","comboOption":"WBH8uUpt9Pj"},{"indicator":"start14M","dataElement":"BBMSsL3eXbc","comboOption":"gIRokZTOVff"},{"indicator":"start15+F","dataElement":"BBMSsL3eXbc","comboOption":"iEFWXqdhqg9"},{"indicator":"start15+M","dataElement":"BBMSsL3eXbc","comboOption":"WBH8uUpt9Pj"}]}