{"name":"TxCurr Retention and Attrition Report2 Mapping","periodType":"Quarterly","created":1631859463516,"dataSetUID":"KZr6FN7epNe","periodIndicatorReportGUID":"0e82afa4-1875-4274-bba1-3cc7b7ba33e2","elements":[{"indicator":" TxML Died","dataElement":"nqglOi7f9kD"},{"indicator":"Cont-MMD","dataElement":"moYWPugJMTW"},{"indicator":"Cont-Seen","dataElement":"GdbSIvqe2e2"},{"indicator":"Cont-T/In","dataElement":"MYcvQ8QOeT5"},{"indicator":"TxML IIT<3","dataElement":"vE0M8Wuchxg"},{"indicator":"TxML IIT>3","dataElement":"OaZEdQvFmAy"},{"indicator":"TxML Stopp","dataElement":"EN7tefFYG52"},{"indicator":"TxML T/Out","dataElement":"GWrCYso644E"},{"indicator":"TxRTT","dataElement":"z1Fg7uhbp2d"}]}