{"name":"Viral Load Monitoring Targeted and Routine","periodType":"Monthly","created":1628187151201,"dataSetUID":"QngRUMOV21M","periodIndicatorReportGUID":"7b0e0a97-0012-43e7-8a1b-79d4812c2562","elements":[{"indicator":"breas_dete","dataElement":"UQuS6BzKBls","comboOption":"W5WQ2kNRGnk"},{"indicator":"breas_perf","dataElement":"DFZehLx4v0t"},{"indicator":"breas_supp","dataElement":"UQuS6BzKBls","comboOption":"d7QRjTdl0Ud"},{"indicator":"preg_detec","dataElement":"fOXFK6lKF83","comboOption":"W5WQ2kNRGnk"},{"indicator":"preg_perfr","dataElement":"zaSXNgWMYMi"},{"indicator":"preg_suppr","dataElement":"fOXFK6lKF83","comboOption":"d7QRjTdl0Ud"},{"indicator":"rout_detec","dataElement":"ataFK2yfgkp","comboOption":"W5WQ2kNRGnk"},{"indicator":"rout_suppr","dataElement":"ataFK2yfgkp","comboOption":"d7QRjTdl0Ud"},{"indicator":"routin_per","dataElement":"QMo5foA4ECO"},{"indicator":"targ_detec","dataElement":"vXs9ccPD8Yy","comboOption":"W5WQ2kNRGnk"},{"indicator":"targ_perf","dataElement":"iYCHmzjX1kM"},{"indicator":"targ_suppr","dataElement":"vXs9ccPD8Yy","comboOption":"d7QRjTdl0Ud"}]}