{"name":"Viral Load Monitoring Age and Sex","periodType":"Monthly","created":1628201706141,"dataSetUID":"QngRUMOV21M","periodIndicatorReportGUID":"0ce6c29e-4969-448c-9607-b4485b2ec729","elements":[{"indicator":"1-4yrsF_De","dataElement":"gXOqJ2wopgr","comboOption":"iV6WVWmE7ik"},{"indicator":"1-4yrsF_su","dataElement":"gXOqJ2wopgr","comboOption":"tdYh5rKGbkO"},{"indicator":"1-4yrsF_vl","dataElement":"NgZiF9o0WzH","comboOption":"lxxOXBf7I1V"},{"indicator":"1-4yrsM_De","dataElement":"gXOqJ2wopgr","comboOption":"uKMnVFacfGr"},{"indicator":"1-4yrsM_su","dataElement":"gXOqJ2wopgr","comboOption":"UvUTdyl77nE"},{"indicator":"1-4yrsM_vl","dataElement":"NgZiF9o0WzH","comboOption":"F6EjcJ1o6M0"},{"indicator":"15-19yF_Su","dataElement":"gXOqJ2wopgr","comboOption":"muD4bOE49RA"},{"indicator":"15-19yM_Su","dataElement":"gXOqJ2wopgr","comboOption":"oEtLt5XY7RW"},{"indicator":"15-19yrF_D","dataElement":"gXOqJ2wopgr","comboOption":"qL4Ir5bE94B"},{"indicator":"15-19yrM_D","dataElement":"gXOqJ2wopgr","comboOption":"mjwP0Zr317t"},{"indicator":"15-19yrsF","dataElement":"NgZiF9o0WzH","comboOption":"SuP5iaGhlxO"},{"indicator":"15-19yrsM","dataElement":"NgZiF9o0WzH","comboOption":"ATg8w40h05F"},{"indicator":"20+yrsF_De","dataElement":"gXOqJ2wopgr","comboOption":"VlNi1DTBa7v"},{"indicator":"20+yrsF_Su","dataElement":"gXOqJ2wopgr","comboOption":"jnSDKhcnhVF"},{"indicator":"20+yrsF_vl","dataElement":"NgZiF9o0WzH","comboOption":"ASBVXoPzVlZ"},{"indicator":"20+yrsM_De","dataElement":"gXOqJ2wopgr","comboOption":"xm3iRuZF7ae"},{"indicator":"20+yrsM_Su","dataElement":"gXOqJ2wopgr","comboOption":"nuaZvTTCfCT"},{"indicator":"20+yrsM_vl","dataElement":"NgZiF9o0WzH","comboOption":"NgCgzotzU7b"},{"indicator":"5-14yrsF_D","dataElement":"gXOqJ2wopgr","comboOption":"rOxLzq5CPQt"},{"indicator":"5-14yrsF_s","dataElement":"gXOqJ2wopgr","comboOption":"pl1mpJAdVwg"},{"indicator":"5-14yrsF_v","dataElement":"NgZiF9o0WzH","comboOption":"HvXWLj3RjT6"},{"indicator":"5-14yrsM_D","dataElement":"gXOqJ2wopgr","comboOption":"XwF8zMWr9IZ"},{"indicator":"5-14yrsM_s","dataElement":"gXOqJ2wopgr","comboOption":"nM2t3eJl1cJ"},{"indicator":"5-14yrsM_v","dataElement":"NgZiF9o0WzH","comboOption":"czpn42oJCnT"},{"indicator":"<1yrsF_Dec","dataElement":"gXOqJ2wopgr","comboOption":"DMeGMOe13w2"},{"indicator":"<1yrsF_sup","dataElement":"gXOqJ2wopgr","comboOption":"EQcHOTcH4Jz"},{"indicator":"<1yrsF_vl","dataElement":"NgZiF9o0WzH","comboOption":"ucegyAaPMjb"},{"indicator":"<1yrsM_Dec","dataElement":"gXOqJ2wopgr","comboOption":"zEBfUZ4ts3c"},{"indicator":"<1yrsM_sup","dataElement":"gXOqJ2wopgr","comboOption":"rzq1GhT1ZkD"},{"indicator":"<1yrsM_vl","dataElement":"NgZiF9o0WzH","comboOption":"nqZDQIyiPE6"}]}